contig.macau75,start.macau75,end.macau75,contig.feat,source.feat,feature,start.feat,end.feat,unknown1,strand,unknown2,attribute,ID,Parent,Name,Alias,AED,eAED,Note,Ontology_term,Dbxref
Contig1059,31143,31143,Contig1059,maker,CDS,30988,31279,.,-,0,ID=OLUR_00003698-RA:cds;Parent=OLUR_00003698-RA;,ID=OLUR_00003698-RA:cds;,Parent=OLUR_00003698-RA;,NA,NA,NA,NA,NA,NA,NA
Contig109522,3554,3554,Contig109522,maker,CDS,3375,3967,.,+,1,ID=OLUR_00024751-RA:cds;Parent=OLUR_00024751-RA;,ID=OLUR_00024751-RA:cds;,Parent=OLUR_00024751-RA;,NA,NA,NA,NA,NA,NA,NA
Contig118194,2767,2767,Contig118194,maker,CDS,2685,3364,.,+,0,ID=OLUR_00026463-RA:cds;Parent=OLUR_00026463-RA;,ID=OLUR_00026463-RA:cds;,Parent=OLUR_00026463-RA;,NA,NA,NA,NA,NA,NA,NA
Contig17598,79516,79516,Contig17598,maker,CDS,79418,79668,.,+,2,ID=OLUR_00000179-RA:cds;Parent=OLUR_00000179-RA;,ID=OLUR_00000179-RA:cds;,Parent=OLUR_00000179-RA;,NA,NA,NA,NA,NA,NA,NA
Contig17651,1121,1121,Contig17651,maker,CDS,1050,1213,.,+,0,ID=OLUR_00026160-RA:cds;Parent=OLUR_00026160-RA;,ID=OLUR_00026160-RA:cds;,Parent=OLUR_00026160-RA;,NA,NA,NA,NA,NA,NA,NA
Contig18103,25767,25767,Contig18103,maker,CDS,25755,25814,.,+,0,ID=OLUR_00006318-RA:cds;Parent=OLUR_00006318-RA;,ID=OLUR_00006318-RA:cds;,Parent=OLUR_00006318-RA;,NA,NA,NA,NA,NA,NA,NA
Contig18383,4606,4606,Contig18383,maker,CDS,4470,4694,.,-,0,ID=OLUR_00017127-RA:cds;Parent=OLUR_00017127-RA;,ID=OLUR_00017127-RA:cds;,Parent=OLUR_00017127-RA;,NA,NA,NA,NA,NA,NA,NA
Contig18625,12258,12258,Contig18625,maker,CDS,12047,12753,.,+,2,ID=OLUR_00005414-RA:cds;Parent=OLUR_00005414-RA;,ID=OLUR_00005414-RA:cds;,Parent=OLUR_00005414-RA;,NA,NA,NA,NA,NA,NA,NA
Contig1877,5033,5033,Contig1877,maker,CDS,4841,5078,.,+,1,ID=OLUR_00010709-RA:cds;Parent=OLUR_00010709-RA;,ID=OLUR_00010709-RA:cds;,Parent=OLUR_00010709-RA;,NA,NA,NA,NA,NA,NA,NA
Contig19349,14009,14009,Contig19349,maker,CDS,13372,14295,.,+,0,ID=OLUR_00016104-RA:cds;Parent=OLUR_00016104-RA;,ID=OLUR_00016104-RA:cds;,Parent=OLUR_00016104-RA;,NA,NA,NA,NA,NA,NA,NA
Contig19512,11587,11587,Contig19512,maker,CDS,11068,12916,.,-,1,ID=OLUR_00009397-RA:cds;Parent=OLUR_00009397-RA;,ID=OLUR_00009397-RA:cds;,Parent=OLUR_00009397-RA;,NA,NA,NA,NA,NA,NA,NA
Contig2013,4861,4861,Contig2013,maker,CDS,4744,4935,.,+,0,ID=OLUR_00020739-RA:cds;Parent=OLUR_00020739-RA;,ID=OLUR_00020739-RA:cds;,Parent=OLUR_00020739-RA;,NA,NA,NA,NA,NA,NA,NA
Contig20569,15826,15826,Contig20569,maker,CDS,15663,15855,.,+,2,ID=OLUR_00004391-RA:cds;Parent=OLUR_00004391-RA;,ID=OLUR_00004391-RA:cds;,Parent=OLUR_00004391-RA;,NA,NA,NA,NA,NA,NA,NA
Contig21104,8080,8080,Contig21104,maker,CDS,7890,9236,.,+,0,ID=OLUR_00017348-RA:cds;Parent=OLUR_00017348-RA;,ID=OLUR_00017348-RA:cds;,Parent=OLUR_00017348-RA;,NA,NA,NA,NA,NA,NA,NA
Contig26760,6774,6774,Contig26760,maker,CDS,6687,6926,.,+,0,ID=OLUR_00024311-RA:cds;Parent=OLUR_00024311-RA;,ID=OLUR_00024311-RA:cds;,Parent=OLUR_00024311-RA;,NA,NA,NA,NA,NA,NA,NA
Contig33119,17449,17449,Contig33119,maker,CDS,14253,18533,.,+,0,ID=OLUR_00011718-RA:cds;Parent=OLUR_00011718-RA;,ID=OLUR_00011718-RA:cds;,Parent=OLUR_00011718-RA;,NA,NA,NA,NA,NA,NA,NA
Contig33119,18454,18454,Contig33119,maker,CDS,14253,18533,.,+,0,ID=OLUR_00011718-RA:cds;Parent=OLUR_00011718-RA;,ID=OLUR_00011718-RA:cds;,Parent=OLUR_00011718-RA;,NA,NA,NA,NA,NA,NA,NA
Contig41302,10189,10189,Contig41302,maker,CDS,10033,10296,.,+,2,ID=OLUR_00008454-RA:cds;Parent=OLUR_00008454-RA;,ID=OLUR_00008454-RA:cds;,Parent=OLUR_00008454-RA;,NA,NA,NA,NA,NA,NA,NA
Contig41651,14293,14293,Contig41651,maker,CDS,14071,14466,.,+,0,ID=OLUR_00005253-RA:cds;Parent=OLUR_00005253-RA;,ID=OLUR_00005253-RA:cds;,Parent=OLUR_00005253-RA;,NA,NA,NA,NA,NA,NA,NA
Contig41963,14267,14267,Contig41963,maker,CDS,14187,14360,.,+,2,ID=OLUR_00008931-RA:cds;Parent=OLUR_00008931-RA;,ID=OLUR_00008931-RA:cds;,Parent=OLUR_00008931-RA;,NA,NA,NA,NA,NA,NA,NA
Contig4202,1640,1640,Contig4202,maker,CDS,1532,2499,.,-,2,ID=OLUR_00020954-RA:cds;Parent=OLUR_00020954-RA;,ID=OLUR_00020954-RA:cds;,Parent=OLUR_00020954-RA;,NA,NA,NA,NA,NA,NA,NA
Contig44654,2684,2684,Contig44654,maker,CDS,2304,2819,.,+,0,ID=OLUR_00029595-RA:cds;Parent=OLUR_00029595-RA;,ID=OLUR_00029595-RA:cds;,Parent=OLUR_00029595-RA;,NA,NA,NA,NA,NA,NA,NA
Contig46409,3503,3503,Contig46409,maker,CDS,3348,3590,.,+,0,ID=OLUR_00025055-RA:cds;Parent=OLUR_00025055-RA;,ID=OLUR_00025055-RA:cds;,Parent=OLUR_00025055-RA;,NA,NA,NA,NA,NA,NA,NA
Contig47895,7219,7219,Contig47895,maker,CDS,7087,7344,.,+,0,ID=OLUR_00012679-RA:cds;Parent=OLUR_00012679-RA;,ID=OLUR_00012679-RA:cds;,Parent=OLUR_00012679-RA;,NA,NA,NA,NA,NA,NA,NA
Contig47895,7219,7219,Contig47895,maker,CDS,6547,7452,.,-,0,ID=OLUR_00012680-RA:cds;Parent=OLUR_00012680-RA;,ID=OLUR_00012680-RA:cds;,Parent=OLUR_00012680-RA;,NA,NA,NA,NA,NA,NA,NA
Contig48577,1052,1052,Contig48577,maker,CDS,958,1146,.,+,0,ID=OLUR_00014905-RA:cds;Parent=OLUR_00014905-RA;,ID=OLUR_00014905-RA:cds;,Parent=OLUR_00014905-RA;,NA,NA,NA,NA,NA,NA,NA
Contig4933,9296,9296,Contig4933,maker,CDS,8984,10096,.,-,0,ID=OLUR_00020196-RA:cds;Parent=OLUR_00020196-RA;,ID=OLUR_00020196-RA:cds;,Parent=OLUR_00020196-RA;,NA,NA,NA,NA,NA,NA,NA
Contig54253,3814,3814,Contig54253,maker,CDS,3760,4021,.,+,1,ID=OLUR_00010257-RA:cds;Parent=OLUR_00010257-RA;,ID=OLUR_00010257-RA:cds;,Parent=OLUR_00010257-RA;,NA,NA,NA,NA,NA,NA,NA
Contig6087,2168,2168,Contig6087,maker,CDS,2097,2318,.,-,0,ID=OLUR_00028249-RA:cds;Parent=OLUR_00028249-RA;,ID=OLUR_00028249-RA:cds;,Parent=OLUR_00028249-RA;,NA,NA,NA,NA,NA,NA,NA
Contig7893,2235,2235,Contig7893,maker,CDS,1493,3753,.,+,2,ID=OLUR_00021719-RA:cds;Parent=OLUR_00021719-RA;,ID=OLUR_00021719-RA:cds;,Parent=OLUR_00021719-RA;,NA,NA,NA,NA,NA,NA,NA
Contig84019,1956,1956,Contig84019,maker,CDS,1641,1982,.,+,0,ID=OLUR_00028770-RA:cds;Parent=OLUR_00028770-RA;,ID=OLUR_00028770-RA:cds;,Parent=OLUR_00028770-RA;,NA,NA,NA,NA,NA,NA,NA
Contig87529,1163,1163,Contig87529,maker,CDS,1022,1269,.,-,2,ID=OLUR_00026453-RA:cds;Parent=OLUR_00026453-RA;,ID=OLUR_00026453-RA:cds;,Parent=OLUR_00026453-RA;,NA,NA,NA,NA,NA,NA,NA
Contig96641,6587,6587,Contig96641,maker,CDS,6090,6609,.,+,1,ID=OLUR_00022357-RA:cds;Parent=OLUR_00022357-RA;,ID=OLUR_00022357-RA:cds;,Parent=OLUR_00022357-RA;,NA,NA,NA,NA,NA,NA,NA
Contig1059,31143,31143,Contig1059,maker,exon,30988,31279,.,-,.,ID=OLUR_00003698-RA:exon:536;Parent=OLUR_00003698-RA;,ID=OLUR_00003698-RA:exon:536;,Parent=OLUR_00003698-RA;,NA,NA,NA,NA,NA,NA,NA
Contig109522,3554,3554,Contig109522,maker,exon,3375,3967,.,+,.,ID=OLUR_00024751-RA:exon:1781;Parent=OLUR_00024751-RA;,ID=OLUR_00024751-RA:exon:1781;,Parent=OLUR_00024751-RA;,NA,NA,NA,NA,NA,NA,NA
Contig118194,2767,2767,Contig118194,maker,exon,2685,3364,.,+,.,ID=OLUR_00026463-RA:exon:2753;Parent=OLUR_00026463-RA;,ID=OLUR_00026463-RA:exon:2753;,Parent=OLUR_00026463-RA;,NA,NA,NA,NA,NA,NA,NA
Contig17598,79516,79516,Contig17598,maker,exon,79418,79668,.,+,.,ID=OLUR_00000179-RA:exon:423;Parent=OLUR_00000179-RA;,ID=OLUR_00000179-RA:exon:423;,Parent=OLUR_00000179-RA;,NA,NA,NA,NA,NA,NA,NA
Contig17651,1121,1121,Contig17651,maker,exon,1050,1213,.,+,.,ID=OLUR_00026160-RA:exon:591;Parent=OLUR_00026160-RA;,ID=OLUR_00026160-RA:exon:591;,Parent=OLUR_00026160-RA;,NA,NA,NA,NA,NA,NA,NA
Contig18103,25767,25767,Contig18103,maker,exon,25755,25814,.,+,.,ID=OLUR_00006318-RA:exon:457;Parent=OLUR_00006318-RA;,ID=OLUR_00006318-RA:exon:457;,Parent=OLUR_00006318-RA;,NA,NA,NA,NA,NA,NA,NA
Contig18383,4606,4606,Contig18383,maker,exon,4470,4694,.,-,.,ID=OLUR_00017127-RA:exon:452;Parent=OLUR_00017127-RA;,ID=OLUR_00017127-RA:exon:452;,Parent=OLUR_00017127-RA;,NA,NA,NA,NA,NA,NA,NA
Contig18625,12258,12258,Contig18625,maker,exon,12047,12753,.,+,.,ID=OLUR_00005414-RA:exon:423;Parent=OLUR_00005414-RA;,ID=OLUR_00005414-RA:exon:423;,Parent=OLUR_00005414-RA;,NA,NA,NA,NA,NA,NA,NA
Contig1877,5033,5033,Contig1877,maker,exon,4841,5981,.,+,.,ID=OLUR_00010709-RA:exon:2195;Parent=OLUR_00010709-RA;,ID=OLUR_00010709-RA:exon:2195;,Parent=OLUR_00010709-RA;,NA,NA,NA,NA,NA,NA,NA
Contig19349,14009,14009,Contig19349,maker,exon,13372,14310,.,+,.,ID=OLUR_00016104-RA:exon:447;Parent=OLUR_00016104-RA;,ID=OLUR_00016104-RA:exon:447;,Parent=OLUR_00016104-RA;,NA,NA,NA,NA,NA,NA,NA
Contig19512,11587,11587,Contig19512,maker,exon,11068,12916,.,-,.,ID=OLUR_00009397-RA:exon:420;Parent=OLUR_00009397-RA;,ID=OLUR_00009397-RA:exon:420;,Parent=OLUR_00009397-RA;,NA,NA,NA,NA,NA,NA,NA
Contig2013,4861,4861,Contig2013,maker,exon,4744,4935,.,+,.,ID=OLUR_00020739-RA:exon:158;Parent=OLUR_00020739-RA;,ID=OLUR_00020739-RA:exon:158;,Parent=OLUR_00020739-RA;,NA,NA,NA,NA,NA,NA,NA
Contig20569,15826,15826,Contig20569,maker,exon,15663,15855,.,+,.,ID=OLUR_00004391-RA:exon:552;Parent=OLUR_00004391-RA;,ID=OLUR_00004391-RA:exon:552;,Parent=OLUR_00004391-RA;,NA,NA,NA,NA,NA,NA,NA
Contig21104,8080,8080,Contig21104,maker,exon,7890,9236,.,+,.,ID=OLUR_00017348-RA:exon:593;Parent=OLUR_00017348-RA;,ID=OLUR_00017348-RA:exon:593;,Parent=OLUR_00017348-RA;,NA,NA,NA,NA,NA,NA,NA
Contig26007,49163,49163,Contig26007,maker,exon,48177,50277,.,+,.,ID=OLUR_00000505-RA:exon:1123;Parent=OLUR_00000505-RA;,ID=OLUR_00000505-RA:exon:1123;,Parent=OLUR_00000505-RA;,NA,NA,NA,NA,NA,NA,NA
Contig26760,6774,6774,Contig26760,maker,exon,6687,6926,.,+,.,ID=OLUR_00024311-RA:exon:787;Parent=OLUR_00024311-RA;,ID=OLUR_00024311-RA:exon:787;,Parent=OLUR_00024311-RA;,NA,NA,NA,NA,NA,NA,NA
Contig33119,17449,17449,Contig33119,maker,exon,14253,18533,.,+,.,ID=OLUR_00011718-RA:exon:905;Parent=OLUR_00011718-RA;,ID=OLUR_00011718-RA:exon:905;,Parent=OLUR_00011718-RA;,NA,NA,NA,NA,NA,NA,NA
Contig33119,18454,18454,Contig33119,maker,exon,14253,18533,.,+,.,ID=OLUR_00011718-RA:exon:905;Parent=OLUR_00011718-RA;,ID=OLUR_00011718-RA:exon:905;,Parent=OLUR_00011718-RA;,NA,NA,NA,NA,NA,NA,NA
Contig41302,10189,10189,Contig41302,maker,exon,10033,10296,.,+,.,ID=OLUR_00008454-RA:exon:2526;Parent=OLUR_00008454-RA;,ID=OLUR_00008454-RA:exon:2526;,Parent=OLUR_00008454-RA;,NA,NA,NA,NA,NA,NA,NA
Contig41651,14293,14293,Contig41651,maker,exon,14071,14466,.,+,.,ID=OLUR_00005253-RA:exon:2137;Parent=OLUR_00005253-RA;,ID=OLUR_00005253-RA:exon:2137;,Parent=OLUR_00005253-RA;,NA,NA,NA,NA,NA,NA,NA
Contig41963,14267,14267,Contig41963,maker,exon,14187,14360,.,+,.,ID=OLUR_00008931-RA:exon:1328;Parent=OLUR_00008931-RA;,ID=OLUR_00008931-RA:exon:1328;,Parent=OLUR_00008931-RA;,NA,NA,NA,NA,NA,NA,NA
Contig4202,1640,1640,Contig4202,maker,exon,1532,2499,.,-,.,ID=OLUR_00020954-RA:exon:267;Parent=OLUR_00020954-RA;,ID=OLUR_00020954-RA:exon:267;,Parent=OLUR_00020954-RA;,NA,NA,NA,NA,NA,NA,NA
Contig44654,2684,2684,Contig44654,maker,exon,2304,2819,.,+,.,ID=OLUR_00029595-RA:exon:1284;Parent=OLUR_00029595-RA;,ID=OLUR_00029595-RA:exon:1284;,Parent=OLUR_00029595-RA;,NA,NA,NA,NA,NA,NA,NA
Contig46409,3503,3503,Contig46409,maker,exon,3348,3590,.,+,.,ID=OLUR_00025055-RA:exon:2653;Parent=OLUR_00025055-RA;,ID=OLUR_00025055-RA:exon:2653;,Parent=OLUR_00025055-RA;,NA,NA,NA,NA,NA,NA,NA
Contig47895,7219,7219,Contig47895,maker,exon,7087,7344,.,+,.,ID=OLUR_00012679-RA:exon:2357;Parent=OLUR_00012679-RA;,ID=OLUR_00012679-RA:exon:2357;,Parent=OLUR_00012679-RA;,NA,NA,NA,NA,NA,NA,NA
Contig47895,7219,7219,Contig47895,maker,exon,6112,7452,.,-,.,ID=OLUR_00012680-RA:exon:2367;Parent=OLUR_00012680-RA;,ID=OLUR_00012680-RA:exon:2367;,Parent=OLUR_00012680-RA;,NA,NA,NA,NA,NA,NA,NA
Contig48577,1052,1052,Contig48577,maker,exon,958,1146,.,+,.,ID=OLUR_00014905-RA:exon:1494;Parent=OLUR_00014905-RA;,ID=OLUR_00014905-RA:exon:1494;,Parent=OLUR_00014905-RA;,NA,NA,NA,NA,NA,NA,NA
Contig4933,9296,9296,Contig4933,maker,exon,8984,10096,.,-,.,ID=OLUR_00020196-RA:exon:3152;Parent=OLUR_00020196-RA;,ID=OLUR_00020196-RA:exon:3152;,Parent=OLUR_00020196-RA;,NA,NA,NA,NA,NA,NA,NA
Contig54253,3814,3814,Contig54253,maker,exon,3760,4021,.,+,.,ID=OLUR_00010257-RA:exon:2295;Parent=OLUR_00010257-RA;,ID=OLUR_00010257-RA:exon:2295;,Parent=OLUR_00010257-RA;,NA,NA,NA,NA,NA,NA,NA
Contig6087,2168,2168,Contig6087,maker,exon,2097,2318,.,-,.,ID=OLUR_00028249-RA:exon:257;Parent=OLUR_00028249-RA;,ID=OLUR_00028249-RA:exon:257;,Parent=OLUR_00028249-RA;,NA,NA,NA,NA,NA,NA,NA
Contig7893,2235,2235,Contig7893,maker,exon,1493,6387,.,+,.,ID=OLUR_00021719-RA:exon:307;Parent=OLUR_00021719-RA;,ID=OLUR_00021719-RA:exon:307;,Parent=OLUR_00021719-RA;,NA,NA,NA,NA,NA,NA,NA
Contig84019,1956,1956,Contig84019,maker,exon,1641,1982,.,+,.,ID=OLUR_00028770-RA:exon:2778;Parent=OLUR_00028770-RA;,ID=OLUR_00028770-RA:exon:2778;,Parent=OLUR_00028770-RA;,NA,NA,NA,NA,NA,NA,NA
Contig87529,1163,1163,Contig87529,maker,exon,530,1269,.,-,.,ID=OLUR_00026453-RA:exon:2090;Parent=OLUR_00026453-RA;,ID=OLUR_00026453-RA:exon:2090;,Parent=OLUR_00026453-RA;,NA,NA,NA,NA,NA,NA,NA
Contig96641,6587,6587,Contig96641,maker,exon,6090,6609,.,+,.,ID=OLUR_00022357-RA:exon:2711;Parent=OLUR_00022357-RA;,ID=OLUR_00022357-RA:exon:2711;,Parent=OLUR_00022357-RA;,NA,NA,NA,NA,NA,NA,NA
Contig1059,31143,31143,Contig1059,maker,gene,23816,32578,.,-,.,"ID=OLUR_00003698;Name=OLUR_00003698;Alias=maker-Contig1059-snap-gene-0.6;Note=Protein of unknown function;Dbxref=Gene3D:G3DSA:3.30.710.10,InterPro:IPR000210,InterPro:IPR011333,MobiDBLite:mobidb-lite,Pfam:PF00651,ProSiteProfiles:PS50097,SUPERFAMILY:SSF54695;Ontology_term=GO:0005515;",ID=OLUR_00003698;,NA,Name=OLUR_00003698;,Alias=maker-Contig1059-snap-gene-0.6;,NA,NA,Note=Protein of unknown function;,Ontology_term=GO:0005515;,"Dbxref=Gene3D:G3DSA:3.30.710.10,InterPro:IPR000210,InterPro:IPR011333,MobiDBLite:mobidb-lite,Pfam:PF00651,ProSiteProfiles:PS50097,SUPERFAMILY:SSF54695;"
Contig109522,3554,3554,Contig109522,maker,gene,48,4368,.,+,.,"ID=OLUR_00024751;Name=OLUR_00024751;Alias=maker-Contig109522-snap-gene-0.2;Note=Similar to Helb: DNA helicase B (Mus musculus OX%3D10090);Dbxref=Gene3D:G3DSA:3.40.50.300,InterPro:IPR027417,MobiDBLite:mobidb-lite,Pfam:PF13604,SUPERFAMILY:SSF52540;",ID=OLUR_00024751;,NA,Name=OLUR_00024751;,Alias=maker-Contig109522-snap-gene-0.2;,NA,NA,Note=Similar to Helb: DNA helicase B (Mus musculus OX%3D10090);,NA,"Dbxref=Gene3D:G3DSA:3.40.50.300,InterPro:IPR027417,MobiDBLite:mobidb-lite,Pfam:PF13604,SUPERFAMILY:SSF52540;"
Contig118194,2767,2767,Contig118194,maker,gene,2685,5991,.,+,.,"ID=OLUR_00026463;Name=OLUR_00026463;Alias=snap_masked-Contig118194-processed-gene-0.0;Note=Similar to fbxo43: F-box only protein 43 (Xenopus laevis OX%3D8355);Dbxref=Gene3D:G3DSA:1.20.1280.50,InterPro:IPR001810,InterPro:IPR036047,Pfam:PF00646,SUPERFAMILY:SSF81383;Ontology_term=GO:0005515;",ID=OLUR_00026463;,NA,Name=OLUR_00026463;,Alias=snap_masked-Contig118194-processed-gene-0.0;,NA,NA,Note=Similar to fbxo43: F-box only protein 43 (Xenopus laevis OX%3D8355);,Ontology_term=GO:0005515;,"Dbxref=Gene3D:G3DSA:1.20.1280.50,InterPro:IPR001810,InterPro:IPR036047,Pfam:PF00646,SUPERFAMILY:SSF81383;"
Contig132,51449,51449,Contig132,maker,gene,34181,65230,.,+,.,"ID=OLUR_00000728;Name=OLUR_00000728;Alias=maker-Contig132-snap-gene-0.13;Note=Similar to TDRD12: Putative ATP-dependent RNA helicase TDRD12 (Homo sapiens OX%3D9606);Dbxref=CDD:cd04508,Gene3D:G3DSA:2.30.30.140,Gene3D:G3DSA:2.40.50.90,Gene3D:G3DSA:3.40.50.300,InterPro:IPR000571,InterPro:IPR002999,InterPro:IPR011545,InterPro:IPR014001,InterPro:IPR027417,InterPro:IPR035437,Pfam:PF00270,Pfam:PF00567,ProSiteProfiles:PS50103,ProSiteProfiles:PS50304,ProSiteProfiles:PS51192,SMART:SM00333,SMART:SM00487,SUPERFAMILY:SSF52540,SUPERFAMILY:SSF63748;Ontology_term=GO:0003676,GO:0005524,GO:0046872;",ID=OLUR_00000728;,NA,Name=OLUR_00000728;,Alias=maker-Contig132-snap-gene-0.13;,NA,NA,Note=Similar to TDRD12: Putative ATP-dependent RNA helicase TDRD12 (Homo sapiens OX%3D9606);,"Ontology_term=GO:0003676,GO:0005524,GO:0046872;","Dbxref=CDD:cd04508,Gene3D:G3DSA:2.30.30.140,Gene3D:G3DSA:2.40.50.90,Gene3D:G3DSA:3.40.50.300,InterPro:IPR000571,InterPro:IPR002999,InterPro:IPR011545,InterPro:IPR014001,InterPro:IPR027417,InterPro:IPR035437,Pfam:PF00270,Pfam:PF00567,ProSiteProfiles:PS50103,ProSiteProfiles:PS50304,ProSiteProfiles:PS51192,SMART:SM00333,SMART:SM00487,SUPERFAMILY:SSF52540,SUPERFAMILY:SSF63748;"
Contig17598,79516,79516,Contig17598,maker,gene,63857,79668,.,+,.,"ID=OLUR_00000179;Name=OLUR_00000179;Alias=maker-Contig17598-snap-gene-0.8;Note=Similar to ccdc85c: Coiled-coil domain-containing protein 85C (Xenopus tropicalis OX%3D8364);Dbxref=Coils:Coil,InterPro:IPR019359,MobiDBLite:mobidb-lite,Pfam:PF10226;",ID=OLUR_00000179;,NA,Name=OLUR_00000179;,Alias=maker-Contig17598-snap-gene-0.8;,NA,NA,Note=Similar to ccdc85c: Coiled-coil domain-containing protein 85C (Xenopus tropicalis OX%3D8364);,NA,"Dbxref=Coils:Coil,InterPro:IPR019359,MobiDBLite:mobidb-lite,Pfam:PF10226;"
Contig17651,1121,1121,Contig17651,maker,gene,1050,5662,.,+,.,"ID=OLUR_00026160;Name=OLUR_00026160;Alias=maker-Contig17651-snap-gene-0.2;Note=Similar to RHOBTB1: Rho-related BTB domain-containing protein 1 (Homo sapiens OX%3D9606);Dbxref=Gene3D:G3DSA:3.40.50.300,InterPro:IPR000210,InterPro:IPR001806,InterPro:IPR011333,InterPro:IPR020849,InterPro:IPR027417,MobiDBLite:mobidb-lite,PRINTS:PR00449,Pfam:PF00071,ProSiteProfiles:PS50097,ProSiteProfiles:PS51421,SMART:SM00174,SMART:SM00225,SUPERFAMILY:SSF52540,SUPERFAMILY:SSF54695;Ontology_term=GO:0003924,GO:0005515,GO:0005525,GO:0007165,GO:0016020;",ID=OLUR_00026160;,NA,Name=OLUR_00026160;,Alias=maker-Contig17651-snap-gene-0.2;,NA,NA,Note=Similar to RHOBTB1: Rho-related BTB domain-containing protein 1 (Homo sapiens OX%3D9606);,"Ontology_term=GO:0003924,GO:0005515,GO:0005525,GO:0007165,GO:0016020;","Dbxref=Gene3D:G3DSA:3.40.50.300,InterPro:IPR000210,InterPro:IPR001806,InterPro:IPR011333,InterPro:IPR020849,InterPro:IPR027417,MobiDBLite:mobidb-lite,PRINTS:PR00449,Pfam:PF00071,ProSiteProfiles:PS50097,ProSiteProfiles:PS51421,SMART:SM00174,SMART:SM00225,SUPERFAMILY:SSF52540,SUPERFAMILY:SSF54695;"
Contig18103,25767,25767,Contig18103,maker,gene,565,28270,.,+,.,"ID=OLUR_00006318;Name=OLUR_00006318;Alias=maker-Contig18103-snap-gene-0.3;Note=Similar to DENND1B: DENN domain-containing protein 1B (Homo sapiens OX%3D9606);Dbxref=Gene3D:G3DSA:3.30.450.200,Gene3D:G3DSA:3.40.50.11500,InterPro:IPR001194,InterPro:IPR005113,InterPro:IPR037516,MobiDBLite:mobidb-lite,Pfam:PF02141,Pfam:PF03456,ProSiteProfiles:PS50211,SMART:SM00799,SMART:SM00800;",ID=OLUR_00006318;,NA,Name=OLUR_00006318;,Alias=maker-Contig18103-snap-gene-0.3;,NA,NA,Note=Similar to DENND1B: DENN domain-containing protein 1B (Homo sapiens OX%3D9606);,NA,"Dbxref=Gene3D:G3DSA:3.30.450.200,Gene3D:G3DSA:3.40.50.11500,InterPro:IPR001194,InterPro:IPR005113,InterPro:IPR037516,MobiDBLite:mobidb-lite,Pfam:PF02141,Pfam:PF03456,ProSiteProfiles:PS50211,SMART:SM00799,SMART:SM00800;"
Contig18383,4606,4606,Contig18383,maker,gene,3121,13252,.,-,.,"ID=OLUR_00017127;Name=OLUR_00017127;Alias=maker-Contig18383-snap-gene-0.1;Note=Similar to Nuggc: Nuclear GTPase SLIP-GC (Mus musculus OX%3D10090);Dbxref=Coils:Coil,InterPro:IPR022812,Pfam:PF00350;",ID=OLUR_00017127;,NA,Name=OLUR_00017127;,Alias=maker-Contig18383-snap-gene-0.1;,NA,NA,Note=Similar to Nuggc: Nuclear GTPase SLIP-GC (Mus musculus OX%3D10090);,NA,"Dbxref=Coils:Coil,InterPro:IPR022812,Pfam:PF00350;"
Contig18625,12258,12258,Contig18625,maker,gene,172,13210,.,+,.,"ID=OLUR_00005414;Name=OLUR_00005414;Alias=maker-Contig18625-snap-gene-0.4;Note=Similar to PSIP1: Lens epithelium-derived growth factor (Gallus gallus OX%3D9031);Dbxref=Coils:Coil,Gene3D:G3DSA:1.20.930.10,InterPro:IPR021567,InterPro:IPR035441,InterPro:IPR036218,MobiDBLite:mobidb-lite,Pfam:PF11467,SUPERFAMILY:SSF140576;",ID=OLUR_00005414;,NA,Name=OLUR_00005414;,Alias=maker-Contig18625-snap-gene-0.4;,NA,NA,Note=Similar to PSIP1: Lens epithelium-derived growth factor (Gallus gallus OX%3D9031);,NA,"Dbxref=Coils:Coil,Gene3D:G3DSA:1.20.930.10,InterPro:IPR021567,InterPro:IPR035441,InterPro:IPR036218,MobiDBLite:mobidb-lite,Pfam:PF11467,SUPERFAMILY:SSF140576;"
Contig1877,5033,5033,Contig1877,maker,gene,35,5981,.,+,.,"ID=OLUR_00010709;Name=OLUR_00010709;Alias=maker-Contig1877-snap-gene-0.3;Note=Similar to slc20a1-a: Sodium-dependent phosphate transporter 1-A (Xenopus laevis OX%3D8355);Dbxref=Coils:Coil,InterPro:IPR001204,Pfam:PF01384;Ontology_term=GO:0005315,GO:0006817,GO:0016020;",ID=OLUR_00010709;,NA,Name=OLUR_00010709;,Alias=maker-Contig1877-snap-gene-0.3;,NA,NA,Note=Similar to slc20a1-a: Sodium-dependent phosphate transporter 1-A (Xenopus laevis OX%3D8355);,"Ontology_term=GO:0005315,GO:0006817,GO:0016020;","Dbxref=Coils:Coil,InterPro:IPR001204,Pfam:PF01384;"
Contig19349,14009,14009,Contig19349,maker,gene,84,14310,.,+,.,"ID=OLUR_00016104;Name=OLUR_00016104;Alias=maker-Contig19349-snap-gene-0.2;Note=Similar to stk10: Serine/threonine-protein kinase 10 (Danio rerio OX%3D7955);Dbxref=Coils:Coil,Gene3D:G3DSA:1.10.510.10,Gene3D:G3DSA:3.30.200.20,InterPro:IPR000719,InterPro:IPR008271,InterPro:IPR011009,MobiDBLite:mobidb-lite,Pfam:PF00069,ProSitePatterns:PS00108,ProSiteProfiles:PS50011,SMART:SM00220,SUPERFAMILY:SSF56112;Ontology_term=GO:0004672,GO:0005524,GO:0006468;",ID=OLUR_00016104;,NA,Name=OLUR_00016104;,Alias=maker-Contig19349-snap-gene-0.2;,NA,NA,Note=Similar to stk10: Serine/threonine-protein kinase 10 (Danio rerio OX%3D7955);,"Ontology_term=GO:0004672,GO:0005524,GO:0006468;","Dbxref=Coils:Coil,Gene3D:G3DSA:1.10.510.10,Gene3D:G3DSA:3.30.200.20,InterPro:IPR000719,InterPro:IPR008271,InterPro:IPR011009,MobiDBLite:mobidb-lite,Pfam:PF00069,ProSitePatterns:PS00108,ProSiteProfiles:PS50011,SMART:SM00220,SUPERFAMILY:SSF56112;"
Contig19512,11587,11587,Contig19512,maker,gene,248,22970,.,-,.,"ID=OLUR_00009397;Name=OLUR_00009397;Alias=maker-Contig19512-snap-gene-0.7;Note=Similar to ALMS1: Alstrom syndrome protein 1 (Homo sapiens OX%3D9606);Dbxref=Coils:Coil,MobiDBLite:mobidb-lite;",ID=OLUR_00009397;,NA,Name=OLUR_00009397;,Alias=maker-Contig19512-snap-gene-0.7;,NA,NA,Note=Similar to ALMS1: Alstrom syndrome protein 1 (Homo sapiens OX%3D9606);,NA,"Dbxref=Coils:Coil,MobiDBLite:mobidb-lite;"
Contig2013,4861,4861,Contig2013,maker,gene,3537,5811,.,+,.,"ID=OLUR_00020739;Name=OLUR_00020739;Alias=maker-Contig2013-snap-gene-0.2;Note=Similar to CCDC141: Coiled-coil domain-containing protein 141 (Homo sapiens OX%3D9606);Dbxref=Coils:Coil,Gene3D:G3DSA:1.20.58.1940,InterPro:IPR002017,InterPro:IPR018159,Pfam:PF00435,SMART:SM00150,SUPERFAMILY:SSF46966;Ontology_term=GO:0005515;",ID=OLUR_00020739;,NA,Name=OLUR_00020739;,Alias=maker-Contig2013-snap-gene-0.2;,NA,NA,Note=Similar to CCDC141: Coiled-coil domain-containing protein 141 (Homo sapiens OX%3D9606);,Ontology_term=GO:0005515;,"Dbxref=Coils:Coil,Gene3D:G3DSA:1.20.58.1940,InterPro:IPR002017,InterPro:IPR018159,Pfam:PF00435,SMART:SM00150,SUPERFAMILY:SSF46966;"
Contig20569,15826,15826,Contig20569,maker,gene,4715,24347,.,+,.,"ID=OLUR_00004391;Name=OLUR_00004391;Alias=snap_masked-Contig20569-processed-gene-0.0;Note=Similar to MYD88: Myeloid differentiation primary response protein MyD88 (Ovis aries OX%3D9940);Dbxref=CDD:cd08312,Gene3D:G3DSA:1.10.533.10,Gene3D:G3DSA:3.40.50.10140,InterPro:IPR000157,InterPro:IPR000488,InterPro:IPR011029,InterPro:IPR034249,InterPro:IPR035897,MobiDBLite:mobidb-lite,Pfam:PF00531,Pfam:PF13676,ProSiteProfiles:PS50017,ProSiteProfiles:PS50104,SMART:SM00255,SUPERFAMILY:SSF47986,SUPERFAMILY:SSF52200;Ontology_term=GO:0005515,GO:0007165;",ID=OLUR_00004391;,NA,Name=OLUR_00004391;,Alias=snap_masked-Contig20569-processed-gene-0.0;,NA,NA,Note=Similar to MYD88: Myeloid differentiation primary response protein MyD88 (Ovis aries OX%3D9940);,"Ontology_term=GO:0005515,GO:0007165;","Dbxref=CDD:cd08312,Gene3D:G3DSA:1.10.533.10,Gene3D:G3DSA:3.40.50.10140,InterPro:IPR000157,InterPro:IPR000488,InterPro:IPR011029,InterPro:IPR034249,InterPro:IPR035897,MobiDBLite:mobidb-lite,Pfam:PF00531,Pfam:PF13676,ProSiteProfiles:PS50017,ProSiteProfiles:PS50104,SMART:SM00255,SUPERFAMILY:SSF47986,SUPERFAMILY:SSF52200;"
Contig21104,8080,8080,Contig21104,maker,gene,1120,13208,.,+,.,ID=OLUR_00017348;Name=OLUR_00017348;Alias=maker-Contig21104-snap-gene-0.1;Note=Protein of unknown function;Dbxref=MobiDBLite:mobidb-lite;,ID=OLUR_00017348;,NA,Name=OLUR_00017348;,Alias=maker-Contig21104-snap-gene-0.1;,NA,NA,Note=Protein of unknown function;,NA,Dbxref=MobiDBLite:mobidb-lite;
Contig26007,49163,49163,Contig26007,maker,gene,30209,50277,.,+,.,ID=OLUR_00000505;Name=OLUR_00000505;Alias=maker-Contig26007-snap-gene-0.9;Note=Protein of unknown function;,ID=OLUR_00000505;,NA,Name=OLUR_00000505;,Alias=maker-Contig26007-snap-gene-0.9;,NA,NA,Note=Protein of unknown function;,NA,NA
Contig26760,6774,6774,Contig26760,maker,gene,2881,6926,.,+,.,ID=OLUR_00024311;Name=OLUR_00024311;Alias=maker-Contig26760-snap-gene-0.1;Note=Protein of unknown function;Dbxref=MobiDBLite:mobidb-lite;,ID=OLUR_00024311;,NA,Name=OLUR_00024311;,Alias=maker-Contig26760-snap-gene-0.1;,NA,NA,Note=Protein of unknown function;,NA,Dbxref=MobiDBLite:mobidb-lite;
Contig33119,17449,17449,Contig33119,maker,gene,1092,18804,.,+,.,"ID=OLUR_00011718;Name=OLUR_00011718;Alias=maker-Contig33119-snap-gene-0.1;Note=Similar to Pkd1: Polycystin-1 (Mus musculus OX%3D10090);Dbxref=CDD:cd00037,CDD:cd00146,Gene3D:G3DSA:2.60.40.10,Gene3D:G3DSA:3.10.100.10,InterPro:IPR000601,InterPro:IPR001304,InterPro:IPR002859,InterPro:IPR013783,InterPro:IPR014010,InterPro:IPR016186,InterPro:IPR016187,InterPro:IPR018378,InterPro:IPR022409,InterPro:IPR035986,Pfam:PF00059,Pfam:PF00801,Pfam:PF02010,ProSitePatterns:PS00615,ProSiteProfiles:PS50041,ProSiteProfiles:PS50093,ProSiteProfiles:PS51111,SMART:SM00034,SMART:SM00089,SUPERFAMILY:SSF49299,SUPERFAMILY:SSF56436;",ID=OLUR_00011718;,NA,Name=OLUR_00011718;,Alias=maker-Contig33119-snap-gene-0.1;,NA,NA,Note=Similar to Pkd1: Polycystin-1 (Mus musculus OX%3D10090);,NA,"Dbxref=CDD:cd00037,CDD:cd00146,Gene3D:G3DSA:2.60.40.10,Gene3D:G3DSA:3.10.100.10,InterPro:IPR000601,InterPro:IPR001304,InterPro:IPR002859,InterPro:IPR013783,InterPro:IPR014010,InterPro:IPR016186,InterPro:IPR016187,InterPro:IPR018378,InterPro:IPR022409,InterPro:IPR035986,Pfam:PF00059,Pfam:PF00801,Pfam:PF02010,ProSitePatterns:PS00615,ProSiteProfiles:PS50041,ProSiteProfiles:PS50093,ProSiteProfiles:PS51111,SMART:SM00034,SMART:SM00089,SUPERFAMILY:SSF49299,SUPERFAMILY:SSF56436;"
Contig33119,18454,18454,Contig33119,maker,gene,1092,18804,.,+,.,"ID=OLUR_00011718;Name=OLUR_00011718;Alias=maker-Contig33119-snap-gene-0.1;Note=Similar to Pkd1: Polycystin-1 (Mus musculus OX%3D10090);Dbxref=CDD:cd00037,CDD:cd00146,Gene3D:G3DSA:2.60.40.10,Gene3D:G3DSA:3.10.100.10,InterPro:IPR000601,InterPro:IPR001304,InterPro:IPR002859,InterPro:IPR013783,InterPro:IPR014010,InterPro:IPR016186,InterPro:IPR016187,InterPro:IPR018378,InterPro:IPR022409,InterPro:IPR035986,Pfam:PF00059,Pfam:PF00801,Pfam:PF02010,ProSitePatterns:PS00615,ProSiteProfiles:PS50041,ProSiteProfiles:PS50093,ProSiteProfiles:PS51111,SMART:SM00034,SMART:SM00089,SUPERFAMILY:SSF49299,SUPERFAMILY:SSF56436;",ID=OLUR_00011718;,NA,Name=OLUR_00011718;,Alias=maker-Contig33119-snap-gene-0.1;,NA,NA,Note=Similar to Pkd1: Polycystin-1 (Mus musculus OX%3D10090);,NA,"Dbxref=CDD:cd00037,CDD:cd00146,Gene3D:G3DSA:2.60.40.10,Gene3D:G3DSA:3.10.100.10,InterPro:IPR000601,InterPro:IPR001304,InterPro:IPR002859,InterPro:IPR013783,InterPro:IPR014010,InterPro:IPR016186,InterPro:IPR016187,InterPro:IPR018378,InterPro:IPR022409,InterPro:IPR035986,Pfam:PF00059,Pfam:PF00801,Pfam:PF02010,ProSitePatterns:PS00615,ProSiteProfiles:PS50041,ProSiteProfiles:PS50093,ProSiteProfiles:PS51111,SMART:SM00034,SMART:SM00089,SUPERFAMILY:SSF49299,SUPERFAMILY:SSF56436;"
Contig41302,10189,10189,Contig41302,maker,gene,9248,21290,.,+,.,"ID=OLUR_00008454;Name=OLUR_00008454;Alias=maker-Contig41302-snap-gene-0.2;Note=Protein of unknown function;Dbxref=InterPro:IPR013087,MobiDBLite:mobidb-lite,ProSitePatterns:PS00028,ProSiteProfiles:PS50157;Ontology_term=GO:0003676;",ID=OLUR_00008454;,NA,Name=OLUR_00008454;,Alias=maker-Contig41302-snap-gene-0.2;,NA,NA,Note=Protein of unknown function;,Ontology_term=GO:0003676;,"Dbxref=InterPro:IPR013087,MobiDBLite:mobidb-lite,ProSitePatterns:PS00028,ProSiteProfiles:PS50157;"
Contig41651,14293,14293,Contig41651,maker,gene,12584,24330,.,+,.,"ID=OLUR_00005253;Name=OLUR_00005253;Alias=maker-Contig41651-snap-gene-0.4;Note=Similar to DNMT3B: DNA (cytosine-5)-methyltransferase 3B (Homo sapiens OX%3D9606);Dbxref=CDD:cd11725,Gene3D:G3DSA:2.20.70.90,Gene3D:G3DSA:2.30.30.140,Gene3D:G3DSA:3.30.40.10,Gene3D:G3DSA:3.40.50.150,InterPro:IPR000313,InterPro:IPR001525,InterPro:IPR011011,InterPro:IPR013083,InterPro:IPR018117,InterPro:IPR025766,InterPro:IPR029063,MobiDBLite:mobidb-lite,Pfam:PF00145,Pfam:PF00855,ProSitePatterns:PS00094,ProSiteProfiles:PS51533,SUPERFAMILY:SSF53335,SUPERFAMILY:SSF57903,SUPERFAMILY:SSF63748;Ontology_term=GO:0008168;",ID=OLUR_00005253;,NA,Name=OLUR_00005253;,Alias=maker-Contig41651-snap-gene-0.4;,NA,NA,Note=Similar to DNMT3B: DNA (cytosine-5)-methyltransferase 3B (Homo sapiens OX%3D9606);,Ontology_term=GO:0008168;,"Dbxref=CDD:cd11725,Gene3D:G3DSA:2.20.70.90,Gene3D:G3DSA:2.30.30.140,Gene3D:G3DSA:3.30.40.10,Gene3D:G3DSA:3.40.50.150,InterPro:IPR000313,InterPro:IPR001525,InterPro:IPR011011,InterPro:IPR013083,InterPro:IPR018117,InterPro:IPR025766,InterPro:IPR029063,MobiDBLite:mobidb-lite,Pfam:PF00145,Pfam:PF00855,ProSitePatterns:PS00094,ProSiteProfiles:PS51533,SUPERFAMILY:SSF53335,SUPERFAMILY:SSF57903,SUPERFAMILY:SSF63748;"
Contig41963,14267,14267,Contig41963,maker,gene,193,21524,.,+,.,"ID=OLUR_00008931;Name=OLUR_00008931;Alias=maker-Contig41963-snap-gene-0.5;Note=Similar to FBN1: Fibrillin-1 (Homo sapiens OX%3D9606);Dbxref=CDD:cd00054,Gene3D:G3DSA:2.10.25.10,Gene3D:G3DSA:2.60.120.1000,InterPro:IPR000152,InterPro:IPR000742,InterPro:IPR001881,InterPro:IPR009030,InterPro:IPR013032,InterPro:IPR018097,Pfam:PF07645,ProSitePatterns:PS00010,ProSitePatterns:PS01186,ProSitePatterns:PS01187,ProSiteProfiles:PS50026,SMART:SM00179,SMART:SM00181,SUPERFAMILY:SSF57184,SUPERFAMILY:SSF57196;Ontology_term=GO:0005509;",ID=OLUR_00008931;,NA,Name=OLUR_00008931;,Alias=maker-Contig41963-snap-gene-0.5;,NA,NA,Note=Similar to FBN1: Fibrillin-1 (Homo sapiens OX%3D9606);,Ontology_term=GO:0005509;,"Dbxref=CDD:cd00054,Gene3D:G3DSA:2.10.25.10,Gene3D:G3DSA:2.60.120.1000,InterPro:IPR000152,InterPro:IPR000742,InterPro:IPR001881,InterPro:IPR009030,InterPro:IPR013032,InterPro:IPR018097,Pfam:PF07645,ProSitePatterns:PS00010,ProSitePatterns:PS01186,ProSitePatterns:PS01187,ProSiteProfiles:PS50026,SMART:SM00179,SMART:SM00181,SUPERFAMILY:SSF57184,SUPERFAMILY:SSF57196;"
Contig4202,1640,1640,Contig4202,maker,gene,1532,7128,.,-,.,ID=OLUR_00020954;Name=OLUR_00020954;Alias=maker-Contig4202-snap-gene-0.2;Note=Protein of unknown function;Dbxref=MobiDBLite:mobidb-lite;,ID=OLUR_00020954;,NA,Name=OLUR_00020954;,Alias=maker-Contig4202-snap-gene-0.2;,NA,NA,Note=Protein of unknown function;,NA,Dbxref=MobiDBLite:mobidb-lite;
Contig44654,2684,2684,Contig44654,maker,gene,605,2819,.,+,.,"ID=OLUR_00029595;Name=OLUR_00029595;Alias=maker-Contig44654-snap-gene-0.1;Note=Similar to hex: Beta-hexosaminidase (Vibrio vulnificus OX%3D672);Dbxref=Gene3D:G3DSA:3.20.20.80,Gene3D:G3DSA:3.30.379.10,InterPro:IPR015882,InterPro:IPR015883,InterPro:IPR017853,InterPro:IPR025705,InterPro:IPR029018,PRINTS:PR00738,Pfam:PF00728,Pfam:PF02838,SUPERFAMILY:SSF51445,SUPERFAMILY:SSF55545;Ontology_term=GO:0004553,GO:0004563,GO:0005975;",ID=OLUR_00029595;,NA,Name=OLUR_00029595;,Alias=maker-Contig44654-snap-gene-0.1;,NA,NA,Note=Similar to hex: Beta-hexosaminidase (Vibrio vulnificus OX%3D672);,"Ontology_term=GO:0004553,GO:0004563,GO:0005975;","Dbxref=Gene3D:G3DSA:3.20.20.80,Gene3D:G3DSA:3.30.379.10,InterPro:IPR015882,InterPro:IPR015883,InterPro:IPR017853,InterPro:IPR025705,InterPro:IPR029018,PRINTS:PR00738,Pfam:PF00728,Pfam:PF02838,SUPERFAMILY:SSF51445,SUPERFAMILY:SSF55545;"
Contig46409,3503,3503,Contig46409,maker,gene,1345,3590,.,+,.,"ID=OLUR_00025055;Name=OLUR_00025055;Alias=maker-Contig46409-snap-gene-0.1;Note=Similar to slc39a9: Zinc transporter ZIP9 (Danio rerio OX%3D7955);Dbxref=InterPro:IPR003689,Pfam:PF02535;Ontology_term=GO:0016020,GO:0030001,GO:0046873,GO:0055085;",ID=OLUR_00025055;,NA,Name=OLUR_00025055;,Alias=maker-Contig46409-snap-gene-0.1;,NA,NA,Note=Similar to slc39a9: Zinc transporter ZIP9 (Danio rerio OX%3D7955);,"Ontology_term=GO:0016020,GO:0030001,GO:0046873,GO:0055085;","Dbxref=InterPro:IPR003689,Pfam:PF02535;"
Contig47895,7219,7219,Contig47895,maker,gene,797,7344,.,+,.,"ID=OLUR_00012679;Name=OLUR_00012679;Alias=snap_masked-Contig47895-processed-gene-0.0;Note=Similar to TIMM29: Mitochondrial import inner membrane translocase subunit Tim29 (Homo sapiens OX%3D9606);Dbxref=InterPro:IPR019322,Pfam:PF10171;Ontology_term=GO:0042721;",ID=OLUR_00012679;,NA,Name=OLUR_00012679;,Alias=snap_masked-Contig47895-processed-gene-0.0;,NA,NA,Note=Similar to TIMM29: Mitochondrial import inner membrane translocase subunit Tim29 (Homo sapiens OX%3D9606);,Ontology_term=GO:0042721;,"Dbxref=InterPro:IPR019322,Pfam:PF10171;"
Contig47895,7219,7219,Contig47895,maker,gene,3404,17738,.,-,.,"ID=OLUR_00012680;Name=OLUR_00012680;Alias=maker-Contig47895-snap-gene-0.3;Note=Similar to Osmr: Oncostatin-M-specific receptor subunit beta (Mus musculus OX%3D10090);Dbxref=CDD:cd00063,Gene3D:G3DSA:2.60.40.10,InterPro:IPR003961,InterPro:IPR013783,InterPro:IPR036116,MobiDBLite:mobidb-lite,Pfam:PF00041,ProSiteProfiles:PS50853,SMART:SM00060,SUPERFAMILY:SSF49265;Ontology_term=GO:0005515;",ID=OLUR_00012680;,NA,Name=OLUR_00012680;,Alias=maker-Contig47895-snap-gene-0.3;,NA,NA,Note=Similar to Osmr: Oncostatin-M-specific receptor subunit beta (Mus musculus OX%3D10090);,Ontology_term=GO:0005515;,"Dbxref=CDD:cd00063,Gene3D:G3DSA:2.60.40.10,InterPro:IPR003961,InterPro:IPR013783,InterPro:IPR036116,MobiDBLite:mobidb-lite,Pfam:PF00041,ProSiteProfiles:PS50853,SMART:SM00060,SUPERFAMILY:SSF49265;"
Contig48577,1052,1052,Contig48577,maker,gene,958,3583,.,+,.,"ID=OLUR_00014905;Name=OLUR_00014905;Alias=maker-Contig48577-snap-gene-0.3;Note=Similar to his-72: Histone H3.3 type 2 (Caenorhabditis elegans OX%3D6239);Dbxref=Gene3D:G3DSA:1.10.20.10,InterPro:IPR000164,InterPro:IPR007125,InterPro:IPR009072,PRINTS:PR00622,Pfam:PF00125,SMART:SM00428,SUPERFAMILY:SSF47113;Ontology_term=GO:0000786,GO:0003677,GO:0046982;",ID=OLUR_00014905;,NA,Name=OLUR_00014905;,Alias=maker-Contig48577-snap-gene-0.3;,NA,NA,Note=Similar to his-72: Histone H3.3 type 2 (Caenorhabditis elegans OX%3D6239);,"Ontology_term=GO:0000786,GO:0003677,GO:0046982;","Dbxref=Gene3D:G3DSA:1.10.20.10,InterPro:IPR000164,InterPro:IPR007125,InterPro:IPR009072,PRINTS:PR00622,Pfam:PF00125,SMART:SM00428,SUPERFAMILY:SSF47113;"
Contig4933,9296,9296,Contig4933,maker,gene,34,10096,.,-,.,"ID=OLUR_00020196;Name=OLUR_00020196;Alias=maker-Contig4933-snap-gene-0.2;Note=Similar to CTTNBP2: Cortactin-binding protein 2 (Gorilla gorilla gorilla OX%3D9595);Dbxref=Coils:Coil,InterPro:IPR019131,InterPro:IPR020683,MobiDBLite:mobidb-lite,Pfam:PF09727,ProSiteProfiles:PS50297;",ID=OLUR_00020196;,NA,Name=OLUR_00020196;,Alias=maker-Contig4933-snap-gene-0.2;,NA,NA,Note=Similar to CTTNBP2: Cortactin-binding protein 2 (Gorilla gorilla gorilla OX%3D9595);,NA,"Dbxref=Coils:Coil,InterPro:IPR019131,InterPro:IPR020683,MobiDBLite:mobidb-lite,Pfam:PF09727,ProSiteProfiles:PS50297;"
Contig54253,3814,3814,Contig54253,maker,gene,2736,14382,.,+,.,"ID=OLUR_00010257;Name=OLUR_00010257;Alias=maker-Contig54253-snap-gene-0.4;Note=Similar to RGS22: Regulator of G-protein signaling 22 (Homo sapiens OX%3D9606);Dbxref=Gene3D:G3DSA:1.20.58.1850,InterPro:IPR016137,InterPro:IPR036305,MobiDBLite:mobidb-lite,Pfam:PF00615,ProSiteProfiles:PS50132,SMART:SM00315,SUPERFAMILY:SSF48097;",ID=OLUR_00010257;,NA,Name=OLUR_00010257;,Alias=maker-Contig54253-snap-gene-0.4;,NA,NA,Note=Similar to RGS22: Regulator of G-protein signaling 22 (Homo sapiens OX%3D9606);,NA,"Dbxref=Gene3D:G3DSA:1.20.58.1850,InterPro:IPR016137,InterPro:IPR036305,MobiDBLite:mobidb-lite,Pfam:PF00615,ProSiteProfiles:PS50132,SMART:SM00315,SUPERFAMILY:SSF48097;"
Contig6087,2168,2168,Contig6087,maker,gene,1880,4397,.,-,.,"ID=OLUR_00028249;Name=OLUR_00028249;Alias=maker-Contig6087-snap-gene-0.1;Note=Similar to PARP14: Poly [ADP-ribose] polymerase 14 (Homo sapiens OX%3D9606);Dbxref=Gene3D:G3DSA:3.40.220.10,InterPro:IPR002589,Pfam:PF01661,ProSiteProfiles:PS51154,SUPERFAMILY:SSF52949;",ID=OLUR_00028249;,NA,Name=OLUR_00028249;,Alias=maker-Contig6087-snap-gene-0.1;,NA,NA,Note=Similar to PARP14: Poly [ADP-ribose] polymerase 14 (Homo sapiens OX%3D9606);,NA,"Dbxref=Gene3D:G3DSA:3.40.220.10,InterPro:IPR002589,Pfam:PF01661,ProSiteProfiles:PS51154,SUPERFAMILY:SSF52949;"
Contig7893,2235,2235,Contig7893,maker,gene,3,6387,.,+,.,ID=OLUR_00021719;Name=OLUR_00021719;Alias=maker-Contig7893-snap-gene-0.1;Note=Similar to GLI2: Zinc finger protein GLI2 (Homo sapiens OX%3D9606);Dbxref=MobiDBLite:mobidb-lite;,ID=OLUR_00021719;,NA,Name=OLUR_00021719;,Alias=maker-Contig7893-snap-gene-0.1;,NA,NA,Note=Similar to GLI2: Zinc finger protein GLI2 (Homo sapiens OX%3D9606);,NA,Dbxref=MobiDBLite:mobidb-lite;
Contig84019,1956,1956,Contig84019,maker,gene,662,4231,.,+,.,"ID=OLUR_00028770;Name=OLUR_00028770;Alias=maker-Contig84019-snap-gene-0.1;Note=Similar to GA2OX4: Gibberellin 2-beta-dioxygenase 4 (Arabidopsis thaliana OX%3D3702);Dbxref=Gene3D:G3DSA:2.60.120.330,InterPro:IPR005123,InterPro:IPR026992,InterPro:IPR027443,Pfam:PF03171,Pfam:PF14226,ProSiteProfiles:PS51471,SUPERFAMILY:SSF51197;Ontology_term=GO:0016491,GO:0055114;",ID=OLUR_00028770;,NA,Name=OLUR_00028770;,Alias=maker-Contig84019-snap-gene-0.1;,NA,NA,Note=Similar to GA2OX4: Gibberellin 2-beta-dioxygenase 4 (Arabidopsis thaliana OX%3D3702);,"Ontology_term=GO:0016491,GO:0055114;","Dbxref=Gene3D:G3DSA:2.60.120.330,InterPro:IPR005123,InterPro:IPR026992,InterPro:IPR027443,Pfam:PF03171,Pfam:PF14226,ProSiteProfiles:PS51471,SUPERFAMILY:SSF51197;"
Contig87529,1163,1163,Contig87529,maker,gene,530,5612,.,-,.,"ID=OLUR_00026453;Name=OLUR_00026453;Alias=maker-Contig87529-snap-gene-0.2;Note=Similar to FLNC: Filamin-C (Homo sapiens OX%3D9606);Dbxref=Gene3D:G3DSA:2.60.40.10,InterPro:IPR001298,InterPro:IPR013783,InterPro:IPR014756,InterPro:IPR017868,Pfam:PF00630,ProSiteProfiles:PS50194,SMART:SM00557,SUPERFAMILY:SSF81296;Ontology_term=GO:0005515;",ID=OLUR_00026453;,NA,Name=OLUR_00026453;,Alias=maker-Contig87529-snap-gene-0.2;,NA,NA,Note=Similar to FLNC: Filamin-C (Homo sapiens OX%3D9606);,Ontology_term=GO:0005515;,"Dbxref=Gene3D:G3DSA:2.60.40.10,InterPro:IPR001298,InterPro:IPR013783,InterPro:IPR014756,InterPro:IPR017868,Pfam:PF00630,ProSiteProfiles:PS50194,SMART:SM00557,SUPERFAMILY:SSF81296;"
Contig96641,6587,6587,Contig96641,maker,gene,4482,8017,.,+,.,"ID=OLUR_00022357;Name=OLUR_00022357;Alias=maker-Contig96641-snap-gene-0.2;Note=Protein of unknown function;Dbxref=Coils:Coil,MobiDBLite:mobidb-lite;",ID=OLUR_00022357;,NA,Name=OLUR_00022357;,Alias=maker-Contig96641-snap-gene-0.2;,NA,NA,Note=Protein of unknown function;,NA,"Dbxref=Coils:Coil,MobiDBLite:mobidb-lite;"
Contig1059,31143,31143,Contig1059,maker,mRNA,23816,32578,.,-,.,"ID=OLUR_00003698-RA;Parent=OLUR_00003698;Name=OLUR_00003698-RA;Alias=maker-Contig1059-snap-gene-0.6-mRNA-1;_AED=0.12;_QI=0|0.8|0.66|1|0.2|0.33|6|4512|599;_eAED=0.12;Note=Protein of unknown function;Dbxref=Gene3D:G3DSA:3.30.710.10,InterPro:IPR000210,InterPro:IPR011333,MobiDBLite:mobidb-lite,Pfam:PF00651,ProSiteProfiles:PS50097,SUPERFAMILY:SSF54695;Ontology_term=GO:0005515;",ID=OLUR_00003698-RA;,Parent=OLUR_00003698;,Name=OLUR_00003698-RA;,Alias=maker-Contig1059-snap-gene-0.6-mRNA-1;,AED=0.12;,eAED=0.12;,Note=Protein of unknown function;,Ontology_term=GO:0005515;,"Dbxref=Gene3D:G3DSA:3.30.710.10,InterPro:IPR000210,InterPro:IPR011333,MobiDBLite:mobidb-lite,Pfam:PF00651,ProSiteProfiles:PS50097,SUPERFAMILY:SSF54695;"
Contig109522,3554,3554,Contig109522,maker,mRNA,48,4368,.,+,.,"ID=OLUR_00024751-RA;Parent=OLUR_00024751;Name=OLUR_00024751-RA;Alias=maker-Contig109522-snap-gene-0.2-mRNA-1;_AED=0.29;_QI=25|0.66|0.28|0.85|0.83|0.71|7|0|443;_eAED=0.29;Note=Similar to Helb: DNA helicase B (Mus musculus OX%3D10090);Dbxref=Gene3D:G3DSA:3.40.50.300,InterPro:IPR027417,MobiDBLite:mobidb-lite,Pfam:PF13604,SUPERFAMILY:SSF52540;",ID=OLUR_00024751-RA;,Parent=OLUR_00024751;,Name=OLUR_00024751-RA;,Alias=maker-Contig109522-snap-gene-0.2-mRNA-1;,AED=0.29;,eAED=0.29;,Note=Similar to Helb: DNA helicase B (Mus musculus OX%3D10090);,NA,"Dbxref=Gene3D:G3DSA:3.40.50.300,InterPro:IPR027417,MobiDBLite:mobidb-lite,Pfam:PF13604,SUPERFAMILY:SSF52540;"
Contig118194,2767,2767,Contig118194,maker,mRNA,2685,5991,.,+,.,"ID=OLUR_00026463-RA;Parent=OLUR_00026463;Name=OLUR_00026463-RA;Alias=snap_masked-Contig118194-processed-gene-0.0-mRNA-1;_AED=0.08;_QI=0|0|0|0.33|1|1|3|0|268;_eAED=0.09;Note=Similar to fbxo43: F-box only protein 43 (Xenopus laevis OX%3D8355);Dbxref=Gene3D:G3DSA:1.20.1280.50,InterPro:IPR001810,InterPro:IPR036047,Pfam:PF00646,SUPERFAMILY:SSF81383;Ontology_term=GO:0005515;",ID=OLUR_00026463-RA;,Parent=OLUR_00026463;,Name=OLUR_00026463-RA;,Alias=snap_masked-Contig118194-processed-gene-0.0-mRNA-1;,AED=0.08;,eAED=0.09;,Note=Similar to fbxo43: F-box only protein 43 (Xenopus laevis OX%3D8355);,Ontology_term=GO:0005515;,"Dbxref=Gene3D:G3DSA:1.20.1280.50,InterPro:IPR001810,InterPro:IPR036047,Pfam:PF00646,SUPERFAMILY:SSF81383;"
Contig132,51449,51449,Contig132,maker,mRNA,34181,65230,.,+,.,"ID=OLUR_00000728-RA;Parent=OLUR_00000728;Name=OLUR_00000728-RA;Alias=maker-Contig132-snap-gene-0.13-mRNA-1;_AED=0.27;_QI=0|0.66|0.58|0.93|0.7|0.70|31|0|971;_eAED=0.27;Note=Similar to TDRD12: Putative ATP-dependent RNA helicase TDRD12 (Homo sapiens OX%3D9606);Dbxref=CDD:cd04508,Gene3D:G3DSA:2.30.30.140,Gene3D:G3DSA:2.40.50.90,Gene3D:G3DSA:3.40.50.300,InterPro:IPR000571,InterPro:IPR002999,InterPro:IPR011545,InterPro:IPR014001,InterPro:IPR027417,InterPro:IPR035437,Pfam:PF00270,Pfam:PF00567,ProSiteProfiles:PS50103,ProSiteProfiles:PS50304,ProSiteProfiles:PS51192,SMART:SM00333,SMART:SM00487,SUPERFAMILY:SSF52540,SUPERFAMILY:SSF63748;Ontology_term=GO:0003676,GO:0005524,GO:0046872;",ID=OLUR_00000728-RA;,Parent=OLUR_00000728;,Name=OLUR_00000728-RA;,Alias=maker-Contig132-snap-gene-0.13-mRNA-1;,AED=0.27;,eAED=0.27;,Note=Similar to TDRD12: Putative ATP-dependent RNA helicase TDRD12 (Homo sapiens OX%3D9606);,"Ontology_term=GO:0003676,GO:0005524,GO:0046872;","Dbxref=CDD:cd04508,Gene3D:G3DSA:2.30.30.140,Gene3D:G3DSA:2.40.50.90,Gene3D:G3DSA:3.40.50.300,InterPro:IPR000571,InterPro:IPR002999,InterPro:IPR011545,InterPro:IPR014001,InterPro:IPR027417,InterPro:IPR035437,Pfam:PF00270,Pfam:PF00567,ProSiteProfiles:PS50103,ProSiteProfiles:PS50304,ProSiteProfiles:PS51192,SMART:SM00333,SMART:SM00487,SUPERFAMILY:SSF52540,SUPERFAMILY:SSF63748;"
Contig17598,79516,79516,Contig17598,maker,mRNA,63857,79668,.,+,.,"ID=OLUR_00000179-RA;Parent=OLUR_00000179;Name=OLUR_00000179-RA;Alias=maker-Contig17598-snap-gene-0.8-mRNA-1;_AED=0.23;_QI=25|0.25|0.15|0.84|0.41|0.38|13|0|861;_eAED=0.29;Note=Similar to ccdc85c: Coiled-coil domain-containing protein 85C (Xenopus tropicalis OX%3D8364);Dbxref=Coils:Coil,InterPro:IPR019359,MobiDBLite:mobidb-lite,Pfam:PF10226;",ID=OLUR_00000179-RA;,Parent=OLUR_00000179;,Name=OLUR_00000179-RA;,Alias=maker-Contig17598-snap-gene-0.8-mRNA-1;,AED=0.23;,eAED=0.29;,Note=Similar to ccdc85c: Coiled-coil domain-containing protein 85C (Xenopus tropicalis OX%3D8364);,NA,"Dbxref=Coils:Coil,InterPro:IPR019359,MobiDBLite:mobidb-lite,Pfam:PF10226;"
Contig17651,1121,1121,Contig17651,maker,mRNA,1050,5662,.,+,.,"ID=OLUR_00026160-RA;Parent=OLUR_00026160;Name=OLUR_00026160-RA;Alias=maker-Contig17651-snap-gene-0.2-mRNA-1;_AED=0.09;_QI=0|0|0|1|0.5|0.66|3|0|360;_eAED=0.09;Note=Similar to RHOBTB1: Rho-related BTB domain-containing protein 1 (Homo sapiens OX%3D9606);Dbxref=Gene3D:G3DSA:3.40.50.300,InterPro:IPR000210,InterPro:IPR001806,InterPro:IPR011333,InterPro:IPR020849,InterPro:IPR027417,MobiDBLite:mobidb-lite,PRINTS:PR00449,Pfam:PF00071,ProSiteProfiles:PS50097,ProSiteProfiles:PS51421,SMART:SM00174,SMART:SM00225,SUPERFAMILY:SSF52540,SUPERFAMILY:SSF54695;Ontology_term=GO:0003924,GO:0005515,GO:0005525,GO:0007165,GO:0016020;",ID=OLUR_00026160-RA;,Parent=OLUR_00026160;,Name=OLUR_00026160-RA;,Alias=maker-Contig17651-snap-gene-0.2-mRNA-1;,AED=0.09;,eAED=0.09;,Note=Similar to RHOBTB1: Rho-related BTB domain-containing protein 1 (Homo sapiens OX%3D9606);,"Ontology_term=GO:0003924,GO:0005515,GO:0005525,GO:0007165,GO:0016020;","Dbxref=Gene3D:G3DSA:3.40.50.300,InterPro:IPR000210,InterPro:IPR001806,InterPro:IPR011333,InterPro:IPR020849,InterPro:IPR027417,MobiDBLite:mobidb-lite,PRINTS:PR00449,Pfam:PF00071,ProSiteProfiles:PS50097,ProSiteProfiles:PS51421,SMART:SM00174,SMART:SM00225,SUPERFAMILY:SSF52540,SUPERFAMILY:SSF54695;"
Contig18103,25767,25767,Contig18103,maker,mRNA,565,28270,.,+,.,"ID=OLUR_00006318-RA;Parent=OLUR_00006318;Name=OLUR_00006318-RA;Alias=maker-Contig18103-snap-gene-0.3-mRNA-1;_AED=0.43;_QI=0|0.31|0.35|0.64|0.75|0.82|17|0|457;_eAED=0.45;Note=Similar to DENND1B: DENN domain-containing protein 1B (Homo sapiens OX%3D9606);Dbxref=Gene3D:G3DSA:3.30.450.200,Gene3D:G3DSA:3.40.50.11500,InterPro:IPR001194,InterPro:IPR005113,InterPro:IPR037516,MobiDBLite:mobidb-lite,Pfam:PF02141,Pfam:PF03456,ProSiteProfiles:PS50211,SMART:SM00799,SMART:SM00800;",ID=OLUR_00006318-RA;,Parent=OLUR_00006318;,Name=OLUR_00006318-RA;,Alias=maker-Contig18103-snap-gene-0.3-mRNA-1;,AED=0.43;,eAED=0.45;,Note=Similar to DENND1B: DENN domain-containing protein 1B (Homo sapiens OX%3D9606);,NA,"Dbxref=Gene3D:G3DSA:3.30.450.200,Gene3D:G3DSA:3.40.50.11500,InterPro:IPR001194,InterPro:IPR005113,InterPro:IPR037516,MobiDBLite:mobidb-lite,Pfam:PF02141,Pfam:PF03456,ProSiteProfiles:PS50211,SMART:SM00799,SMART:SM00800;"
Contig18383,4606,4606,Contig18383,maker,mRNA,3121,13252,.,-,.,"ID=OLUR_00017127-RA;Parent=OLUR_00017127;Name=OLUR_00017127-RA;Alias=maker-Contig18383-snap-gene-0.1-mRNA-1;_AED=0.01;_QI=91|0.83|0.71|1|0.66|0.57|7|44|404;_eAED=0.01;Note=Similar to Nuggc: Nuclear GTPase SLIP-GC (Mus musculus OX%3D10090);Dbxref=Coils:Coil,InterPro:IPR022812,Pfam:PF00350;",ID=OLUR_00017127-RA;,Parent=OLUR_00017127;,Name=OLUR_00017127-RA;,Alias=maker-Contig18383-snap-gene-0.1-mRNA-1;,AED=0.01;,eAED=0.01;,Note=Similar to Nuggc: Nuclear GTPase SLIP-GC (Mus musculus OX%3D10090);,NA,"Dbxref=Coils:Coil,InterPro:IPR022812,Pfam:PF00350;"
Contig18625,12258,12258,Contig18625,maker,mRNA,172,13210,.,+,.,"ID=OLUR_00005414-RA;Parent=OLUR_00005414;Name=OLUR_00005414-RA;Alias=maker-Contig18625-snap-gene-0.4-mRNA-1;_AED=0.21;_QI=0|0.76|0.78|1|0.61|0.57|14|0|779;_eAED=0.29;Note=Similar to PSIP1: Lens epithelium-derived growth factor (Gallus gallus OX%3D9031);Dbxref=Coils:Coil,Gene3D:G3DSA:1.20.930.10,InterPro:IPR021567,InterPro:IPR035441,InterPro:IPR036218,MobiDBLite:mobidb-lite,Pfam:PF11467,SUPERFAMILY:SSF140576;",ID=OLUR_00005414-RA;,Parent=OLUR_00005414;,Name=OLUR_00005414-RA;,Alias=maker-Contig18625-snap-gene-0.4-mRNA-1;,AED=0.21;,eAED=0.29;,Note=Similar to PSIP1: Lens epithelium-derived growth factor (Gallus gallus OX%3D9031);,NA,"Dbxref=Coils:Coil,Gene3D:G3DSA:1.20.930.10,InterPro:IPR021567,InterPro:IPR035441,InterPro:IPR036218,MobiDBLite:mobidb-lite,Pfam:PF11467,SUPERFAMILY:SSF140576;"
Contig1877,5033,5033,Contig1877,maker,mRNA,35,5981,.,+,.,"ID=OLUR_00010709-RA;Parent=OLUR_00010709;Name=OLUR_00010709-RA;Alias=maker-Contig1877-snap-gene-0.3-mRNA-1;_AED=0.21;_QI=0|0.8|0.72|1|0.9|0.90|11|903|419;_eAED=0.21;Note=Similar to slc20a1-a: Sodium-dependent phosphate transporter 1-A (Xenopus laevis OX%3D8355);Dbxref=Coils:Coil,InterPro:IPR001204,Pfam:PF01384;Ontology_term=GO:0005315,GO:0006817,GO:0016020;",ID=OLUR_00010709-RA;,Parent=OLUR_00010709;,Name=OLUR_00010709-RA;,Alias=maker-Contig1877-snap-gene-0.3-mRNA-1;,AED=0.21;,eAED=0.21;,Note=Similar to slc20a1-a: Sodium-dependent phosphate transporter 1-A (Xenopus laevis OX%3D8355);,"Ontology_term=GO:0005315,GO:0006817,GO:0016020;","Dbxref=Coils:Coil,InterPro:IPR001204,Pfam:PF01384;"
Contig19349,14009,14009,Contig19349,maker,mRNA,84,14310,.,+,.,"ID=OLUR_00016104-RA;Parent=OLUR_00016104;Name=OLUR_00016104-RA;Alias=maker-Contig19349-snap-gene-0.2-mRNA-1;_AED=0.07;_QI=10|0.55|0.5|0.9|0.66|0.8|10|15|723;_eAED=0.07;Note=Similar to stk10: Serine/threonine-protein kinase 10 (Danio rerio OX%3D7955);Dbxref=Coils:Coil,Gene3D:G3DSA:1.10.510.10,Gene3D:G3DSA:3.30.200.20,InterPro:IPR000719,InterPro:IPR008271,InterPro:IPR011009,MobiDBLite:mobidb-lite,Pfam:PF00069,ProSitePatterns:PS00108,ProSiteProfiles:PS50011,SMART:SM00220,SUPERFAMILY:SSF56112;Ontology_term=GO:0004672,GO:0005524,GO:0006468;",ID=OLUR_00016104-RA;,Parent=OLUR_00016104;,Name=OLUR_00016104-RA;,Alias=maker-Contig19349-snap-gene-0.2-mRNA-1;,AED=0.07;,eAED=0.07;,Note=Similar to stk10: Serine/threonine-protein kinase 10 (Danio rerio OX%3D7955);,"Ontology_term=GO:0004672,GO:0005524,GO:0006468;","Dbxref=Coils:Coil,Gene3D:G3DSA:1.10.510.10,Gene3D:G3DSA:3.30.200.20,InterPro:IPR000719,InterPro:IPR008271,InterPro:IPR011009,MobiDBLite:mobidb-lite,Pfam:PF00069,ProSitePatterns:PS00108,ProSiteProfiles:PS50011,SMART:SM00220,SUPERFAMILY:SSF56112;"
Contig19512,11587,11587,Contig19512,maker,mRNA,248,22970,.,-,.,"ID=OLUR_00009397-RA;Parent=OLUR_00009397;Name=OLUR_00009397-RA;Alias=maker-Contig19512-snap-gene-0.7-mRNA-1;_AED=0.03;_QI=0|0.87|0.77|1|0.75|0.77|9|0|1599;_eAED=0.06;Note=Similar to ALMS1: Alstrom syndrome protein 1 (Homo sapiens OX%3D9606);Dbxref=Coils:Coil,MobiDBLite:mobidb-lite;",ID=OLUR_00009397-RA;,Parent=OLUR_00009397;,Name=OLUR_00009397-RA;,Alias=maker-Contig19512-snap-gene-0.7-mRNA-1;,AED=0.03;,eAED=0.06;,Note=Similar to ALMS1: Alstrom syndrome protein 1 (Homo sapiens OX%3D9606);,NA,"Dbxref=Coils:Coil,MobiDBLite:mobidb-lite;"
Contig2013,4861,4861,Contig2013,maker,mRNA,3537,5811,.,+,.,"ID=OLUR_00020739-RA;Parent=OLUR_00020739;Name=OLUR_00020739-RA;Alias=maker-Contig2013-snap-gene-0.2-mRNA-1;_AED=0.13;_QI=50|1|0.66|1|0.8|0.66|6|0|311;_eAED=0.13;Note=Similar to CCDC141: Coiled-coil domain-containing protein 141 (Homo sapiens OX%3D9606);Dbxref=Coils:Coil,Gene3D:G3DSA:1.20.58.1940,InterPro:IPR002017,InterPro:IPR018159,Pfam:PF00435,SMART:SM00150,SUPERFAMILY:SSF46966;Ontology_term=GO:0005515;",ID=OLUR_00020739-RA;,Parent=OLUR_00020739;,Name=OLUR_00020739-RA;,Alias=maker-Contig2013-snap-gene-0.2-mRNA-1;,AED=0.13;,eAED=0.13;,Note=Similar to CCDC141: Coiled-coil domain-containing protein 141 (Homo sapiens OX%3D9606);,Ontology_term=GO:0005515;,"Dbxref=Coils:Coil,Gene3D:G3DSA:1.20.58.1940,InterPro:IPR002017,InterPro:IPR018159,Pfam:PF00435,SMART:SM00150,SUPERFAMILY:SSF46966;"
Contig20569,15826,15826,Contig20569,maker,mRNA,4715,24347,.,+,.,"ID=OLUR_00004391-RA;Parent=OLUR_00004391;Name=OLUR_00004391-RA;Alias=snap_masked-Contig20569-processed-gene-0.0-mRNA-1;_AED=0.01;_QI=205|0.87|0.88|1|0.75|0.66|9|3761|473;_eAED=0.01;Note=Similar to MYD88: Myeloid differentiation primary response protein MyD88 (Ovis aries OX%3D9940);Dbxref=CDD:cd08312,Gene3D:G3DSA:1.10.533.10,Gene3D:G3DSA:3.40.50.10140,InterPro:IPR000157,InterPro:IPR000488,InterPro:IPR011029,InterPro:IPR034249,InterPro:IPR035897,MobiDBLite:mobidb-lite,Pfam:PF00531,Pfam:PF13676,ProSiteProfiles:PS50017,ProSiteProfiles:PS50104,SMART:SM00255,SUPERFAMILY:SSF47986,SUPERFAMILY:SSF52200;Ontology_term=GO:0005515,GO:0007165;",ID=OLUR_00004391-RA;,Parent=OLUR_00004391;,Name=OLUR_00004391-RA;,Alias=snap_masked-Contig20569-processed-gene-0.0-mRNA-1;,AED=0.01;,eAED=0.01;,Note=Similar to MYD88: Myeloid differentiation primary response protein MyD88 (Ovis aries OX%3D9940);,"Ontology_term=GO:0005515,GO:0007165;","Dbxref=CDD:cd08312,Gene3D:G3DSA:1.10.533.10,Gene3D:G3DSA:3.40.50.10140,InterPro:IPR000157,InterPro:IPR000488,InterPro:IPR011029,InterPro:IPR034249,InterPro:IPR035897,MobiDBLite:mobidb-lite,Pfam:PF00531,Pfam:PF13676,ProSiteProfiles:PS50017,ProSiteProfiles:PS50104,SMART:SM00255,SUPERFAMILY:SSF47986,SUPERFAMILY:SSF52200;"
Contig21104,8080,8080,Contig21104,maker,mRNA,1120,13208,.,+,.,ID=OLUR_00017348-RA;Parent=OLUR_00017348;Name=OLUR_00017348-RA;Alias=maker-Contig21104-snap-gene-0.1-mRNA-1;_AED=0.19;_QI=38|0.25|0|1|0.25|0.6|5|0|543;_eAED=0.20;Note=Protein of unknown function;Dbxref=MobiDBLite:mobidb-lite;,ID=OLUR_00017348-RA;,Parent=OLUR_00017348;,Name=OLUR_00017348-RA;,Alias=maker-Contig21104-snap-gene-0.1-mRNA-1;,AED=0.19;,eAED=0.20;,Note=Protein of unknown function;,NA,Dbxref=MobiDBLite:mobidb-lite;
Contig26007,49163,49163,Contig26007,maker,mRNA,30209,50277,.,+,.,ID=OLUR_00000505-RA;Parent=OLUR_00000505;Name=OLUR_00000505-RA;Alias=maker-Contig26007-snap-gene-0.9-mRNA-1;_AED=0.15;_QI=0|0|0.16|0.16|0.6|0.83|6|2094|106;_eAED=0.15;Note=Protein of unknown function;,ID=OLUR_00000505-RA;,Parent=OLUR_00000505;,Name=OLUR_00000505-RA;,Alias=maker-Contig26007-snap-gene-0.9-mRNA-1;,AED=0.15;,eAED=0.15;,Note=Protein of unknown function;,NA,NA
Contig26760,6774,6774,Contig26760,maker,mRNA,2881,6926,.,+,.,ID=OLUR_00024311-RA;Parent=OLUR_00024311;Name=OLUR_00024311-RA;Alias=maker-Contig26760-snap-gene-0.1-mRNA-1;_AED=0.72;_QI=0|0|0|0.33|1|1|6|0|246;_eAED=0.88;Note=Protein of unknown function;Dbxref=MobiDBLite:mobidb-lite;,ID=OLUR_00024311-RA;,Parent=OLUR_00024311;,Name=OLUR_00024311-RA;,Alias=maker-Contig26760-snap-gene-0.1-mRNA-1;,AED=0.72;,eAED=0.88;,Note=Protein of unknown function;,NA,Dbxref=MobiDBLite:mobidb-lite;
Contig33119,17449,17449,Contig33119,maker,mRNA,1092,18804,.,+,.,"ID=OLUR_00011718-RA;Parent=OLUR_00011718;Name=OLUR_00011718-RA;Alias=maker-Contig33119-snap-gene-0.1-mRNA-1;_AED=0.02;_QI=0|0.3|0.18|1|0.7|0.54|11|0|2384;_eAED=0.05;Note=Similar to Pkd1: Polycystin-1 (Mus musculus OX%3D10090);Dbxref=CDD:cd00037,CDD:cd00146,Gene3D:G3DSA:2.60.40.10,Gene3D:G3DSA:3.10.100.10,InterPro:IPR000601,InterPro:IPR001304,InterPro:IPR002859,InterPro:IPR013783,InterPro:IPR014010,InterPro:IPR016186,InterPro:IPR016187,InterPro:IPR018378,InterPro:IPR022409,InterPro:IPR035986,Pfam:PF00059,Pfam:PF00801,Pfam:PF02010,ProSitePatterns:PS00615,ProSiteProfiles:PS50041,ProSiteProfiles:PS50093,ProSiteProfiles:PS51111,SMART:SM00034,SMART:SM00089,SUPERFAMILY:SSF49299,SUPERFAMILY:SSF56436;",ID=OLUR_00011718-RA;,Parent=OLUR_00011718;,Name=OLUR_00011718-RA;,Alias=maker-Contig33119-snap-gene-0.1-mRNA-1;,AED=0.02;,eAED=0.05;,Note=Similar to Pkd1: Polycystin-1 (Mus musculus OX%3D10090);,NA,"Dbxref=CDD:cd00037,CDD:cd00146,Gene3D:G3DSA:2.60.40.10,Gene3D:G3DSA:3.10.100.10,InterPro:IPR000601,InterPro:IPR001304,InterPro:IPR002859,InterPro:IPR013783,InterPro:IPR014010,InterPro:IPR016186,InterPro:IPR016187,InterPro:IPR018378,InterPro:IPR022409,InterPro:IPR035986,Pfam:PF00059,Pfam:PF00801,Pfam:PF02010,ProSitePatterns:PS00615,ProSiteProfiles:PS50041,ProSiteProfiles:PS50093,ProSiteProfiles:PS51111,SMART:SM00034,SMART:SM00089,SUPERFAMILY:SSF49299,SUPERFAMILY:SSF56436;"
Contig33119,18454,18454,Contig33119,maker,mRNA,1092,18804,.,+,.,"ID=OLUR_00011718-RA;Parent=OLUR_00011718;Name=OLUR_00011718-RA;Alias=maker-Contig33119-snap-gene-0.1-mRNA-1;_AED=0.02;_QI=0|0.3|0.18|1|0.7|0.54|11|0|2384;_eAED=0.05;Note=Similar to Pkd1: Polycystin-1 (Mus musculus OX%3D10090);Dbxref=CDD:cd00037,CDD:cd00146,Gene3D:G3DSA:2.60.40.10,Gene3D:G3DSA:3.10.100.10,InterPro:IPR000601,InterPro:IPR001304,InterPro:IPR002859,InterPro:IPR013783,InterPro:IPR014010,InterPro:IPR016186,InterPro:IPR016187,InterPro:IPR018378,InterPro:IPR022409,InterPro:IPR035986,Pfam:PF00059,Pfam:PF00801,Pfam:PF02010,ProSitePatterns:PS00615,ProSiteProfiles:PS50041,ProSiteProfiles:PS50093,ProSiteProfiles:PS51111,SMART:SM00034,SMART:SM00089,SUPERFAMILY:SSF49299,SUPERFAMILY:SSF56436;",ID=OLUR_00011718-RA;,Parent=OLUR_00011718;,Name=OLUR_00011718-RA;,Alias=maker-Contig33119-snap-gene-0.1-mRNA-1;,AED=0.02;,eAED=0.05;,Note=Similar to Pkd1: Polycystin-1 (Mus musculus OX%3D10090);,NA,"Dbxref=CDD:cd00037,CDD:cd00146,Gene3D:G3DSA:2.60.40.10,Gene3D:G3DSA:3.10.100.10,InterPro:IPR000601,InterPro:IPR001304,InterPro:IPR002859,InterPro:IPR013783,InterPro:IPR014010,InterPro:IPR016186,InterPro:IPR016187,InterPro:IPR018378,InterPro:IPR022409,InterPro:IPR035986,Pfam:PF00059,Pfam:PF00801,Pfam:PF02010,ProSitePatterns:PS00615,ProSiteProfiles:PS50041,ProSiteProfiles:PS50093,ProSiteProfiles:PS51111,SMART:SM00034,SMART:SM00089,SUPERFAMILY:SSF49299,SUPERFAMILY:SSF56436;"
Contig41302,10189,10189,Contig41302,maker,mRNA,9248,21290,.,+,.,"ID=OLUR_00008454-RA;Parent=OLUR_00008454;Name=OLUR_00008454-RA;Alias=maker-Contig41302-snap-gene-0.2-mRNA-1;_AED=0.37;_QI=0|0|0|0.22|0.75|0.66|9|0|381;_eAED=0.72;Note=Protein of unknown function;Dbxref=InterPro:IPR013087,MobiDBLite:mobidb-lite,ProSitePatterns:PS00028,ProSiteProfiles:PS50157;Ontology_term=GO:0003676;",ID=OLUR_00008454-RA;,Parent=OLUR_00008454;,Name=OLUR_00008454-RA;,Alias=maker-Contig41302-snap-gene-0.2-mRNA-1;,AED=0.37;,eAED=0.72;,Note=Protein of unknown function;,Ontology_term=GO:0003676;,"Dbxref=InterPro:IPR013087,MobiDBLite:mobidb-lite,ProSitePatterns:PS00028,ProSiteProfiles:PS50157;"
Contig41651,14293,14293,Contig41651,maker,mRNA,12584,24330,.,+,.,"ID=OLUR_00005253-RA;Parent=OLUR_00005253;Name=OLUR_00005253-RA;Alias=maker-Contig41651-snap-gene-0.4-mRNA-1;_AED=0.08;_QI=11|0.9|0.80|1|0.85|0.85|21|824|841;_eAED=0.08;Note=Similar to DNMT3B: DNA (cytosine-5)-methyltransferase 3B (Homo sapiens OX%3D9606);Dbxref=CDD:cd11725,Gene3D:G3DSA:2.20.70.90,Gene3D:G3DSA:2.30.30.140,Gene3D:G3DSA:3.30.40.10,Gene3D:G3DSA:3.40.50.150,InterPro:IPR000313,InterPro:IPR001525,InterPro:IPR011011,InterPro:IPR013083,InterPro:IPR018117,InterPro:IPR025766,InterPro:IPR029063,MobiDBLite:mobidb-lite,Pfam:PF00145,Pfam:PF00855,ProSitePatterns:PS00094,ProSiteProfiles:PS51533,SUPERFAMILY:SSF53335,SUPERFAMILY:SSF57903,SUPERFAMILY:SSF63748;Ontology_term=GO:0008168;",ID=OLUR_00005253-RA;,Parent=OLUR_00005253;,Name=OLUR_00005253-RA;,Alias=maker-Contig41651-snap-gene-0.4-mRNA-1;,AED=0.08;,eAED=0.08;,Note=Similar to DNMT3B: DNA (cytosine-5)-methyltransferase 3B (Homo sapiens OX%3D9606);,Ontology_term=GO:0008168;,"Dbxref=CDD:cd11725,Gene3D:G3DSA:2.20.70.90,Gene3D:G3DSA:2.30.30.140,Gene3D:G3DSA:3.30.40.10,Gene3D:G3DSA:3.40.50.150,InterPro:IPR000313,InterPro:IPR001525,InterPro:IPR011011,InterPro:IPR013083,InterPro:IPR018117,InterPro:IPR025766,InterPro:IPR029063,MobiDBLite:mobidb-lite,Pfam:PF00145,Pfam:PF00855,ProSitePatterns:PS00094,ProSiteProfiles:PS51533,SUPERFAMILY:SSF53335,SUPERFAMILY:SSF57903,SUPERFAMILY:SSF63748;"
Contig41963,14267,14267,Contig41963,maker,mRNA,193,21524,.,+,.,"ID=OLUR_00008931-RA;Parent=OLUR_00008931;Name=OLUR_00008931-RA;Alias=maker-Contig41963-snap-gene-0.5-mRNA-1;_AED=0.09;_QI=0|0.40|0.21|0.96|0.77|0.85|28|0|1319;_eAED=0.09;Note=Similar to FBN1: Fibrillin-1 (Homo sapiens OX%3D9606);Dbxref=CDD:cd00054,Gene3D:G3DSA:2.10.25.10,Gene3D:G3DSA:2.60.120.1000,InterPro:IPR000152,InterPro:IPR000742,InterPro:IPR001881,InterPro:IPR009030,InterPro:IPR013032,InterPro:IPR018097,Pfam:PF07645,ProSitePatterns:PS00010,ProSitePatterns:PS01186,ProSitePatterns:PS01187,ProSiteProfiles:PS50026,SMART:SM00179,SMART:SM00181,SUPERFAMILY:SSF57184,SUPERFAMILY:SSF57196;Ontology_term=GO:0005509;",ID=OLUR_00008931-RA;,Parent=OLUR_00008931;,Name=OLUR_00008931-RA;,Alias=maker-Contig41963-snap-gene-0.5-mRNA-1;,AED=0.09;,eAED=0.09;,Note=Similar to FBN1: Fibrillin-1 (Homo sapiens OX%3D9606);,Ontology_term=GO:0005509;,"Dbxref=CDD:cd00054,Gene3D:G3DSA:2.10.25.10,Gene3D:G3DSA:2.60.120.1000,InterPro:IPR000152,InterPro:IPR000742,InterPro:IPR001881,InterPro:IPR009030,InterPro:IPR013032,InterPro:IPR018097,Pfam:PF07645,ProSitePatterns:PS00010,ProSitePatterns:PS01186,ProSitePatterns:PS01187,ProSiteProfiles:PS50026,SMART:SM00179,SMART:SM00181,SUPERFAMILY:SSF57184,SUPERFAMILY:SSF57196;"
Contig4202,1640,1640,Contig4202,maker,mRNA,1532,7128,.,-,.,ID=OLUR_00020954-RA;Parent=OLUR_00020954;Name=OLUR_00020954-RA;Alias=maker-Contig4202-snap-gene-0.2-mRNA-1;_AED=0.00;_QI=0|1|0.6|1|0.75|0.6|5|0|1270;_eAED=0.00;Note=Protein of unknown function;Dbxref=MobiDBLite:mobidb-lite;,ID=OLUR_00020954-RA;,Parent=OLUR_00020954;,Name=OLUR_00020954-RA;,Alias=maker-Contig4202-snap-gene-0.2-mRNA-1;,AED=0.00;,eAED=0.00;,Note=Protein of unknown function;,NA,Dbxref=MobiDBLite:mobidb-lite;
Contig44654,2684,2684,Contig44654,maker,mRNA,605,2819,.,+,.,"ID=OLUR_00029595-RA;Parent=OLUR_00029595;Name=OLUR_00029595-RA;Alias=maker-Contig44654-snap-gene-0.1-mRNA-1;_AED=0.03;_QI=0|0|0|1|0|0|2|0|323;_eAED=0.06;Note=Similar to hex: Beta-hexosaminidase (Vibrio vulnificus OX%3D672);Dbxref=Gene3D:G3DSA:3.20.20.80,Gene3D:G3DSA:3.30.379.10,InterPro:IPR015882,InterPro:IPR015883,InterPro:IPR017853,InterPro:IPR025705,InterPro:IPR029018,PRINTS:PR00738,Pfam:PF00728,Pfam:PF02838,SUPERFAMILY:SSF51445,SUPERFAMILY:SSF55545;Ontology_term=GO:0004553,GO:0004563,GO:0005975;",ID=OLUR_00029595-RA;,Parent=OLUR_00029595;,Name=OLUR_00029595-RA;,Alias=maker-Contig44654-snap-gene-0.1-mRNA-1;,AED=0.03;,eAED=0.06;,Note=Similar to hex: Beta-hexosaminidase (Vibrio vulnificus OX%3D672);,"Ontology_term=GO:0004553,GO:0004563,GO:0005975;","Dbxref=Gene3D:G3DSA:3.20.20.80,Gene3D:G3DSA:3.30.379.10,InterPro:IPR015882,InterPro:IPR015883,InterPro:IPR017853,InterPro:IPR025705,InterPro:IPR029018,PRINTS:PR00738,Pfam:PF00728,Pfam:PF02838,SUPERFAMILY:SSF51445,SUPERFAMILY:SSF55545;"
Contig46409,3503,3503,Contig46409,maker,mRNA,1345,3590,.,+,.,"ID=OLUR_00025055-RA;Parent=OLUR_00025055;Name=OLUR_00025055-RA;Alias=maker-Contig46409-snap-gene-0.1-mRNA-1;_AED=0.03;_QI=89|0|0|1|1|0.66|3|0|137;_eAED=0.17;Note=Similar to slc39a9: Zinc transporter ZIP9 (Danio rerio OX%3D7955);Dbxref=InterPro:IPR003689,Pfam:PF02535;Ontology_term=GO:0016020,GO:0030001,GO:0046873,GO:0055085;",ID=OLUR_00025055-RA;,Parent=OLUR_00025055;,Name=OLUR_00025055-RA;,Alias=maker-Contig46409-snap-gene-0.1-mRNA-1;,AED=0.03;,eAED=0.17;,Note=Similar to slc39a9: Zinc transporter ZIP9 (Danio rerio OX%3D7955);,"Ontology_term=GO:0016020,GO:0030001,GO:0046873,GO:0055085;","Dbxref=InterPro:IPR003689,Pfam:PF02535;"
Contig47895,7219,7219,Contig47895,maker,mRNA,797,7344,.,+,.,"ID=OLUR_00012679-RA;Parent=OLUR_00012679;Name=OLUR_00012679-RA;Alias=snap_masked-Contig47895-processed-gene-0.0-mRNA-1;_AED=0.20;_QI=0|0|0|0.5|1|0|2|0|249;_eAED=0.20;Note=Similar to TIMM29: Mitochondrial import inner membrane translocase subunit Tim29 (Homo sapiens OX%3D9606);Dbxref=InterPro:IPR019322,Pfam:PF10171;Ontology_term=GO:0042721;",ID=OLUR_00012679-RA;,Parent=OLUR_00012679;,Name=OLUR_00012679-RA;,Alias=snap_masked-Contig47895-processed-gene-0.0-mRNA-1;,AED=0.20;,eAED=0.20;,Note=Similar to TIMM29: Mitochondrial import inner membrane translocase subunit Tim29 (Homo sapiens OX%3D9606);,Ontology_term=GO:0042721;,"Dbxref=InterPro:IPR019322,Pfam:PF10171;"
Contig47895,7219,7219,Contig47895,maker,mRNA,3404,17738,.,-,.,"ID=OLUR_00012680-RA;Parent=OLUR_00012680;Name=OLUR_00012680-RA;Alias=maker-Contig47895-snap-gene-0.3-mRNA-1;_AED=0.04;_QI=0|0.75|0.69|1|0.58|0.46|13|3020|704;_eAED=0.04;Note=Similar to Osmr: Oncostatin-M-specific receptor subunit beta (Mus musculus OX%3D10090);Dbxref=CDD:cd00063,Gene3D:G3DSA:2.60.40.10,InterPro:IPR003961,InterPro:IPR013783,InterPro:IPR036116,MobiDBLite:mobidb-lite,Pfam:PF00041,ProSiteProfiles:PS50853,SMART:SM00060,SUPERFAMILY:SSF49265;Ontology_term=GO:0005515;",ID=OLUR_00012680-RA;,Parent=OLUR_00012680;,Name=OLUR_00012680-RA;,Alias=maker-Contig47895-snap-gene-0.3-mRNA-1;,AED=0.04;,eAED=0.04;,Note=Similar to Osmr: Oncostatin-M-specific receptor subunit beta (Mus musculus OX%3D10090);,Ontology_term=GO:0005515;,"Dbxref=CDD:cd00063,Gene3D:G3DSA:2.60.40.10,InterPro:IPR003961,InterPro:IPR013783,InterPro:IPR036116,MobiDBLite:mobidb-lite,Pfam:PF00041,ProSiteProfiles:PS50853,SMART:SM00060,SUPERFAMILY:SSF49265;"
Contig48577,1052,1052,Contig48577,maker,mRNA,958,3583,.,+,.,"ID=OLUR_00014905-RA;Parent=OLUR_00014905;Name=OLUR_00014905-RA;Alias=maker-Contig48577-snap-gene-0.3-mRNA-1;_AED=0.46;_QI=0|0|0|0.5|1|0.5|2|0|85;_eAED=0.46;Note=Similar to his-72: Histone H3.3 type 2 (Caenorhabditis elegans OX%3D6239);Dbxref=Gene3D:G3DSA:1.10.20.10,InterPro:IPR000164,InterPro:IPR007125,InterPro:IPR009072,PRINTS:PR00622,Pfam:PF00125,SMART:SM00428,SUPERFAMILY:SSF47113;Ontology_term=GO:0000786,GO:0003677,GO:0046982;",ID=OLUR_00014905-RA;,Parent=OLUR_00014905;,Name=OLUR_00014905-RA;,Alias=maker-Contig48577-snap-gene-0.3-mRNA-1;,AED=0.46;,eAED=0.46;,Note=Similar to his-72: Histone H3.3 type 2 (Caenorhabditis elegans OX%3D6239);,"Ontology_term=GO:0000786,GO:0003677,GO:0046982;","Dbxref=Gene3D:G3DSA:1.10.20.10,InterPro:IPR000164,InterPro:IPR007125,InterPro:IPR009072,PRINTS:PR00622,Pfam:PF00125,SMART:SM00428,SUPERFAMILY:SSF47113;"
Contig4933,9296,9296,Contig4933,maker,mRNA,34,10096,.,-,.,"ID=OLUR_00020196-RA;Parent=OLUR_00020196;Name=OLUR_00020196-RA;Alias=maker-Contig4933-snap-gene-0.2-mRNA-1;_AED=0.71;_QI=0|0.25|0|0.4|0.75|1|5|0|509;_eAED=0.71;Note=Similar to CTTNBP2: Cortactin-binding protein 2 (Gorilla gorilla gorilla OX%3D9595);Dbxref=Coils:Coil,InterPro:IPR019131,InterPro:IPR020683,MobiDBLite:mobidb-lite,Pfam:PF09727,ProSiteProfiles:PS50297;",ID=OLUR_00020196-RA;,Parent=OLUR_00020196;,Name=OLUR_00020196-RA;,Alias=maker-Contig4933-snap-gene-0.2-mRNA-1;,AED=0.71;,eAED=0.71;,Note=Similar to CTTNBP2: Cortactin-binding protein 2 (Gorilla gorilla gorilla OX%3D9595);,NA,"Dbxref=Coils:Coil,InterPro:IPR019131,InterPro:IPR020683,MobiDBLite:mobidb-lite,Pfam:PF09727,ProSiteProfiles:PS50297;"
Contig54253,3814,3814,Contig54253,maker,mRNA,2736,14382,.,+,.,"ID=OLUR_00010257-RA;Parent=OLUR_00010257;Name=OLUR_00010257-RA;Alias=maker-Contig54253-snap-gene-0.4-mRNA-1;_AED=0.20;_QI=0|0.68|0.52|1|0.68|0.64|17|329|914;_eAED=0.20;Note=Similar to RGS22: Regulator of G-protein signaling 22 (Homo sapiens OX%3D9606);Dbxref=Gene3D:G3DSA:1.20.58.1850,InterPro:IPR016137,InterPro:IPR036305,MobiDBLite:mobidb-lite,Pfam:PF00615,ProSiteProfiles:PS50132,SMART:SM00315,SUPERFAMILY:SSF48097;",ID=OLUR_00010257-RA;,Parent=OLUR_00010257;,Name=OLUR_00010257-RA;,Alias=maker-Contig54253-snap-gene-0.4-mRNA-1;,AED=0.20;,eAED=0.20;,Note=Similar to RGS22: Regulator of G-protein signaling 22 (Homo sapiens OX%3D9606);,NA,"Dbxref=Gene3D:G3DSA:1.20.58.1850,InterPro:IPR016137,InterPro:IPR036305,MobiDBLite:mobidb-lite,Pfam:PF00615,ProSiteProfiles:PS50132,SMART:SM00315,SUPERFAMILY:SSF48097;"
Contig6087,2168,2168,Contig6087,maker,mRNA,1880,4397,.,-,.,"ID=OLUR_00028249-RA;Parent=OLUR_00028249;Name=OLUR_00028249-RA;Alias=maker-Contig6087-snap-gene-0.1-mRNA-1;_AED=0.29;_QI=0|0.33|0|0.5|1|0.5|4|0|180;_eAED=0.29;Note=Similar to PARP14: Poly [ADP-ribose] polymerase 14 (Homo sapiens OX%3D9606);Dbxref=Gene3D:G3DSA:3.40.220.10,InterPro:IPR002589,Pfam:PF01661,ProSiteProfiles:PS51154,SUPERFAMILY:SSF52949;",ID=OLUR_00028249-RA;,Parent=OLUR_00028249;,Name=OLUR_00028249-RA;,Alias=maker-Contig6087-snap-gene-0.1-mRNA-1;,AED=0.29;,eAED=0.29;,Note=Similar to PARP14: Poly [ADP-ribose] polymerase 14 (Homo sapiens OX%3D9606);,NA,"Dbxref=Gene3D:G3DSA:3.40.220.10,InterPro:IPR002589,Pfam:PF01661,ProSiteProfiles:PS51154,SUPERFAMILY:SSF52949;"
Contig7893,2235,2235,Contig7893,maker,mRNA,3,6387,.,+,.,ID=OLUR_00021719-RA;Parent=OLUR_00021719;Name=OLUR_00021719-RA;Alias=maker-Contig7893-snap-gene-0.1-mRNA-1;_AED=0.01;_QI=0|1|0.8|1|0.5|0.4|5|2634|925;_eAED=0.01;Note=Similar to GLI2: Zinc finger protein GLI2 (Homo sapiens OX%3D9606);Dbxref=MobiDBLite:mobidb-lite;,ID=OLUR_00021719-RA;,Parent=OLUR_00021719;,Name=OLUR_00021719-RA;,Alias=maker-Contig7893-snap-gene-0.1-mRNA-1;,AED=0.01;,eAED=0.01;,Note=Similar to GLI2: Zinc finger protein GLI2 (Homo sapiens OX%3D9606);,NA,Dbxref=MobiDBLite:mobidb-lite;
Contig84019,1956,1956,Contig84019,maker,mRNA,662,4231,.,+,.,"ID=OLUR_00028770-RA;Parent=OLUR_00028770;Name=OLUR_00028770-RA;Alias=maker-Contig84019-snap-gene-0.1-mRNA-1;_AED=0.22;_QI=0|0.25|0.2|0.8|0.75|0.6|5|0|387;_eAED=0.22;Note=Similar to GA2OX4: Gibberellin 2-beta-dioxygenase 4 (Arabidopsis thaliana OX%3D3702);Dbxref=Gene3D:G3DSA:2.60.120.330,InterPro:IPR005123,InterPro:IPR026992,InterPro:IPR027443,Pfam:PF03171,Pfam:PF14226,ProSiteProfiles:PS51471,SUPERFAMILY:SSF51197;Ontology_term=GO:0016491,GO:0055114;",ID=OLUR_00028770-RA;,Parent=OLUR_00028770;,Name=OLUR_00028770-RA;,Alias=maker-Contig84019-snap-gene-0.1-mRNA-1;,AED=0.22;,eAED=0.22;,Note=Similar to GA2OX4: Gibberellin 2-beta-dioxygenase 4 (Arabidopsis thaliana OX%3D3702);,"Ontology_term=GO:0016491,GO:0055114;","Dbxref=Gene3D:G3DSA:2.60.120.330,InterPro:IPR005123,InterPro:IPR026992,InterPro:IPR027443,Pfam:PF03171,Pfam:PF14226,ProSiteProfiles:PS51471,SUPERFAMILY:SSF51197;"
Contig87529,1163,1163,Contig87529,maker,mRNA,530,5612,.,-,.,"ID=OLUR_00026453-RA;Parent=OLUR_00026453;Name=OLUR_00026453-RA;Alias=maker-Contig87529-snap-gene-0.2-mRNA-1;_AED=0.08;_QI=0|0.5|0.4|0.6|1|1|5|492|253;_eAED=0.08;Note=Similar to FLNC: Filamin-C (Homo sapiens OX%3D9606);Dbxref=Gene3D:G3DSA:2.60.40.10,InterPro:IPR001298,InterPro:IPR013783,InterPro:IPR014756,InterPro:IPR017868,Pfam:PF00630,ProSiteProfiles:PS50194,SMART:SM00557,SUPERFAMILY:SSF81296;Ontology_term=GO:0005515;",ID=OLUR_00026453-RA;,Parent=OLUR_00026453;,Name=OLUR_00026453-RA;,Alias=maker-Contig87529-snap-gene-0.2-mRNA-1;,AED=0.08;,eAED=0.08;,Note=Similar to FLNC: Filamin-C (Homo sapiens OX%3D9606);,Ontology_term=GO:0005515;,"Dbxref=Gene3D:G3DSA:2.60.40.10,InterPro:IPR001298,InterPro:IPR013783,InterPro:IPR014756,InterPro:IPR017868,Pfam:PF00630,ProSiteProfiles:PS50194,SMART:SM00557,SUPERFAMILY:SSF81296;"
Contig96641,6587,6587,Contig96641,maker,mRNA,4482,8017,.,+,.,"ID=OLUR_00022357-RA;Parent=OLUR_00022357;Name=OLUR_00022357-RA;Alias=maker-Contig96641-snap-gene-0.2-mRNA-1;_AED=0.13;_QI=16|0.75|0.4|0.8|1|1|5|6|264;_eAED=0.13;Note=Protein of unknown function;Dbxref=Coils:Coil,MobiDBLite:mobidb-lite;",ID=OLUR_00022357-RA;,Parent=OLUR_00022357;,Name=OLUR_00022357-RA;,Alias=maker-Contig96641-snap-gene-0.2-mRNA-1;,AED=0.13;,eAED=0.13;,Note=Protein of unknown function;,NA,"Dbxref=Coils:Coil,MobiDBLite:mobidb-lite;"
